# Blender 5.1.1
# www.blender.org
mtllib ceu.mtl
o Сфера.004
v 0.000000 0.831470 -0.555571
v 0.000000 0.831470 -0.555571
v 0.000000 0.831470 -0.555571
v 0.000000 0.831470 -0.555571
v 0.000000 0.555570 -0.831471
v 0.000000 0.555570 -0.831471
v 0.000000 0.555570 -0.831471
v 0.000000 0.555570 -0.831471
v 0.000000 0.195090 -0.980785
v 0.000000 0.195090 -0.980785
v 0.000000 0.195090 -0.980785
v 0.000000 0.195090 -0.980785
v 0.000000 -0.000000 -1.000000
v 0.000000 -0.000000 -1.000000
v 0.000000 -0.000000 -1.000000
v 0.000000 -0.000000 -1.000000
v 0.000000 -0.195090 -0.980785
v 0.000000 -0.195090 -0.980785
v 0.000000 -0.195090 -0.980785
v 0.000000 -0.195090 -0.980785
v 0.000000 -0.555570 -0.831470
v 0.000000 -0.555570 -0.831470
v 0.000000 -0.555570 -0.831470
v 0.000000 -0.555570 -0.831470
v 0.038061 0.980785 -0.191343
v 0.038061 0.980785 -0.191343
v 0.038061 0.980785 -0.191343
v 0.038061 0.980785 -0.191343
v 0.074658 0.923880 -0.375331
v 0.074658 0.923880 -0.375331
v 0.074658 0.923880 -0.375331
v 0.074658 0.923880 -0.375331
v 0.108387 0.831470 -0.544896
v 0.108387 0.831470 -0.544896
v 0.108387 0.831470 -0.544896
v 0.108387 0.831470 -0.544896
v 0.137950 0.707107 -0.693520
v 0.137950 0.707107 -0.693520
v 0.137950 0.707107 -0.693520
v 0.137950 0.707107 -0.693520
v 0.162212 0.555570 -0.815494
v 0.162212 0.555570 -0.815494
v 0.162212 0.555570 -0.815494
v 0.162212 0.555570 -0.815494
v 0.180240 0.382683 -0.906127
v 0.180240 0.382683 -0.906127
v 0.180240 0.382683 -0.906127
v 0.180240 0.382683 -0.906127
v 0.191342 0.195090 -0.961941
v 0.191342 0.195090 -0.961941
v 0.191342 0.195090 -0.961941
v 0.191342 0.195090 -0.961941
v 0.195091 -0.000000 -0.980785
v 0.195091 -0.000000 -0.980785
v 0.195091 -0.000000 -0.980785
v 0.195091 -0.000000 -0.980785
v 0.191342 -0.195090 -0.961941
v 0.191342 -0.195090 -0.961941
v 0.191342 -0.195090 -0.961941
v 0.191342 -0.195090 -0.961941
v 0.180240 -0.382683 -0.906127
v 0.180240 -0.382683 -0.906127
v 0.180240 -0.382683 -0.906127
v 0.180240 -0.382683 -0.906127
v 0.162212 -0.555570 -0.815493
v 0.162212 -0.555570 -0.815493
v 0.162212 -0.555570 -0.815493
v 0.162212 -0.555570 -0.815493
v 0.137950 -0.707107 -0.693520
v 0.137950 -0.707107 -0.693520
v 0.137950 -0.707107 -0.693520
v 0.137950 -0.707107 -0.693520
v 0.108387 -0.831470 -0.544895
v 0.108387 -0.831470 -0.544895
v 0.108387 -0.831470 -0.544895
v 0.108387 -0.831470 -0.544895
v 0.074658 -0.923880 -0.375330
v 0.074658 -0.923880 -0.375330
v 0.074658 -0.923880 -0.375330
v 0.074658 -0.923880 -0.375330
v 0.038061 -0.980785 -0.191342
v 0.038061 -0.980785 -0.191342
v 0.038061 -0.980785 -0.191342
v 0.038061 -0.980785 -0.191342
v 0.074658 0.980785 -0.180241
v 0.074658 0.980785 -0.180241
v 0.074658 0.980785 -0.180241
v 0.074658 0.980785 -0.180241
v 0.146447 0.923880 -0.353554
v 0.146447 0.923880 -0.353554
v 0.146447 0.923880 -0.353554
v 0.146447 0.923880 -0.353554
v 0.212608 0.831470 -0.513281
v 0.212608 0.831470 -0.513281
v 0.212608 0.831470 -0.513281
v 0.212608 0.831470 -0.513281
v 0.270598 0.707107 -0.653282
v 0.270598 0.707107 -0.653282
v 0.270598 0.707107 -0.653282
v 0.270598 0.707107 -0.653282
v 0.318190 0.555570 -0.768179
v 0.318190 0.555570 -0.768179
v 0.318190 0.555570 -0.768179
v 0.318190 0.555570 -0.768179
v 0.353554 0.382683 -0.853554
v 0.353554 0.382683 -0.853554
v 0.353554 0.382683 -0.853554
v 0.353554 0.382683 -0.853554
v 0.375331 0.195090 -0.906127
v 0.375331 0.195090 -0.906127
v 0.375331 0.195090 -0.906127
v 0.375331 0.195090 -0.906127
v 0.382684 -0.000000 -0.923880
v 0.382684 -0.000000 -0.923880
v 0.382684 -0.000000 -0.923880
v 0.382684 -0.000000 -0.923880
v 0.375331 -0.195090 -0.906127
v 0.375331 -0.195090 -0.906127
v 0.375331 -0.195090 -0.906127
v 0.375331 -0.195090 -0.906127
v 0.353554 -0.382683 -0.853554
v 0.353554 -0.382683 -0.853554
v 0.353554 -0.382683 -0.853554
v 0.353554 -0.382683 -0.853554
v 0.318190 -0.555570 -0.768178
v 0.318190 -0.555570 -0.768178
v 0.318190 -0.555570 -0.768178
v 0.318190 -0.555570 -0.768178
v 0.270598 -0.707107 -0.653281
v 0.270598 -0.707107 -0.653281
v 0.270598 -0.707107 -0.653281
v 0.270598 -0.707107 -0.653281
v 0.212608 -0.831470 -0.513280
v 0.212608 -0.831470 -0.513280
v 0.212608 -0.831470 -0.513280
v 0.212608 -0.831470 -0.513280
v 0.146447 -0.923880 -0.353553
v 0.146447 -0.923880 -0.353553
v 0.146447 -0.923880 -0.353553
v 0.146447 -0.923880 -0.353553
v 0.074658 -0.980785 -0.180240
v 0.074658 -0.980785 -0.180240
v 0.074658 -0.980785 -0.180240
v 0.074658 -0.980785 -0.180240
v 0.108387 0.980785 -0.162213
v 0.108387 0.980785 -0.162213
v 0.108387 0.980785 -0.162213
v 0.108387 0.980785 -0.162213
v 0.212608 0.923880 -0.318191
v 0.212608 0.923880 -0.318191
v 0.212608 0.923880 -0.318191
v 0.212608 0.923880 -0.318191
v 0.308659 0.831470 -0.461941
v 0.308659 0.831470 -0.461941
v 0.308659 0.831470 -0.461941
v 0.308659 0.831470 -0.461941
v 0.392848 0.707107 -0.587938
v 0.392848 0.707107 -0.587938
v 0.392848 0.707107 -0.587938
v 0.392848 0.707107 -0.587938
v 0.461940 0.555570 -0.691343
v 0.461940 0.555570 -0.691343
v 0.461940 0.555570 -0.691343
v 0.461940 0.555570 -0.691343
v 0.513280 0.382683 -0.768178
v 0.513280 0.382683 -0.768178
v 0.513280 0.382683 -0.768178
v 0.513280 0.382683 -0.768178
v 0.544896 0.195090 -0.815493
v 0.544896 0.195090 -0.815493
v 0.544896 0.195090 -0.815493
v 0.544896 0.195090 -0.815493
v 0.555571 -0.000000 -0.831470
v 0.555571 -0.000000 -0.831470
v 0.555571 -0.000000 -0.831470
v 0.555571 -0.000000 -0.831470
v 0.544896 -0.195090 -0.815493
v 0.544896 -0.195090 -0.815493
v 0.544896 -0.195090 -0.815493
v 0.544896 -0.195090 -0.815493
v 0.513280 -0.382683 -0.768178
v 0.513280 -0.382683 -0.768178
v 0.513280 -0.382683 -0.768178
v 0.513280 -0.382683 -0.768178
v 0.461940 -0.555570 -0.691342
v 0.461940 -0.555570 -0.691342
v 0.461940 -0.555570 -0.691342
v 0.461940 -0.555570 -0.691342
v 0.392848 -0.707107 -0.587938
v 0.392848 -0.707107 -0.587938
v 0.392848 -0.707107 -0.587938
v 0.392848 -0.707107 -0.587938
v 0.308659 -0.831470 -0.461940
v 0.308659 -0.831470 -0.461940
v 0.308659 -0.831470 -0.461940
v 0.308659 -0.831470 -0.461940
v 0.212608 -0.923880 -0.318190
v 0.212608 -0.923880 -0.318190
v 0.212608 -0.923880 -0.318190
v 0.212608 -0.923880 -0.318190
v 0.108387 -0.980785 -0.162212
v 0.108387 -0.980785 -0.162212
v 0.108387 -0.980785 -0.162212
v 0.108387 -0.980785 -0.162212
v 0.137950 0.980785 -0.137951
v 0.137950 0.980785 -0.137951
v 0.137950 0.980785 -0.137951
v 0.137950 0.980785 -0.137951
v 0.270598 0.923880 -0.270599
v 0.270598 0.923880 -0.270599
v 0.270598 0.923880 -0.270599
v 0.270598 0.923880 -0.270599
v 0.392848 0.831470 -0.392848
v 0.392848 0.831470 -0.392848
v 0.392848 0.831470 -0.392848
v 0.392848 0.831470 -0.392848
v 0.500000 0.707107 -0.500001
v 0.500000 0.707107 -0.500001
v 0.500000 0.707107 -0.500001
v 0.500000 0.707107 -0.500001
v 0.587938 0.555570 -0.587938
v 0.587938 0.555570 -0.587938
v 0.587938 0.555570 -0.587938
v 0.587938 0.555570 -0.587938
v 0.653282 0.382683 -0.653281
v 0.653282 0.382683 -0.653281
v 0.653282 0.382683 -0.653281
v 0.653282 0.382683 -0.653281
v 0.693520 0.195090 -0.693520
v 0.693520 0.195090 -0.693520
v 0.693520 0.195090 -0.693520
v 0.693520 0.195090 -0.693520
v 0.707107 -0.000000 -0.707108
v 0.707107 -0.000000 -0.707108
v 0.707107 -0.000000 -0.707108
v 0.707107 -0.000000 -0.707108
v 0.693520 -0.195090 -0.693520
v 0.693520 -0.195090 -0.693520
v 0.693520 -0.195090 -0.693520
v 0.693520 -0.195090 -0.693520
v 0.653282 -0.382683 -0.653281
v 0.653282 -0.382683 -0.653281
v 0.653282 -0.382683 -0.653281
v 0.653282 -0.382683 -0.653281
v 0.587938 -0.555570 -0.587938
v 0.587938 -0.555570 -0.587938
v 0.587938 -0.555570 -0.587938
v 0.587938 -0.555570 -0.587938
v 0.500000 -0.707107 -0.500000
v 0.500000 -0.707107 -0.500000
v 0.500000 -0.707107 -0.500000
v 0.500000 -0.707107 -0.500000
v 0.392848 -0.831470 -0.392847
v 0.392848 -0.831470 -0.392847
v 0.392848 -0.831470 -0.392847
v 0.392848 -0.831470 -0.392847
v 0.270598 -0.923880 -0.270598
v 0.270598 -0.923880 -0.270598
v 0.270598 -0.923880 -0.270598
v 0.270598 -0.923880 -0.270598
v 0.137950 -0.980785 -0.137950
v 0.137950 -0.980785 -0.137950
v 0.137950 -0.980785 -0.137950
v 0.137950 -0.980785 -0.137950
v 0.162212 0.980785 -0.108387
v 0.162212 0.980785 -0.108387
v 0.162212 0.980785 -0.108387
v 0.162212 0.980785 -0.108387
v 0.318190 0.923880 -0.212608
v 0.318190 0.923880 -0.212608
v 0.318190 0.923880 -0.212608
v 0.318190 0.923880 -0.212608
v 0.461940 0.831470 -0.308659
v 0.461940 0.831470 -0.308659
v 0.461940 0.831470 -0.308659
v 0.461940 0.831470 -0.308659
v 0.587938 0.707107 -0.392849
v 0.587938 0.707107 -0.392849
v 0.587938 0.707107 -0.392849
v 0.587938 0.707107 -0.392849
v 0.691342 0.555570 -0.461941
v 0.691342 0.555570 -0.461941
v 0.691342 0.555570 -0.461941
v 0.691342 0.555570 -0.461941
v 0.768178 0.382683 -0.513281
v 0.768178 0.382683 -0.513281
v 0.768178 0.382683 -0.513281
v 0.768178 0.382683 -0.513281
v 0.815494 0.195090 -0.544896
v 0.815494 0.195090 -0.544896
v 0.815494 0.195090 -0.544896
v 0.815494 0.195090 -0.544896
v 0.831470 -0.000000 -0.555570
v 0.831470 -0.000000 -0.555570
v 0.831470 -0.000000 -0.555570
v 0.831470 -0.000000 -0.555570
v 0.815494 -0.195090 -0.544896
v 0.815494 -0.195090 -0.544896
v 0.815494 -0.195090 -0.544896
v 0.815494 -0.195090 -0.544896
v 0.768178 -0.382683 -0.513281
v 0.768178 -0.382683 -0.513281
v 0.768178 -0.382683 -0.513281
v 0.768178 -0.382683 -0.513281
v 0.691342 -0.555570 -0.461940
v 0.691342 -0.555570 -0.461940
v 0.691342 -0.555570 -0.461940
v 0.691342 -0.555570 -0.461940
v 0.587938 -0.707107 -0.392848
v 0.587938 -0.707107 -0.392848
v 0.587938 -0.707107 -0.392848
v 0.587938 -0.707107 -0.392848
v 0.461940 -0.831470 -0.308658
v 0.461940 -0.831470 -0.308658
v 0.461940 -0.831470 -0.308658
v 0.461940 -0.831470 -0.308658
v 0.318190 -0.923880 -0.212607
v 0.318190 -0.923880 -0.212607
v 0.318190 -0.923880 -0.212607
v 0.318190 -0.923880 -0.212607
v 0.162212 -0.980785 -0.108386
v 0.162212 -0.980785 -0.108386
v 0.162212 -0.980785 -0.108386
v 0.162212 -0.980785 -0.108386
v 0.000000 1.000000 -0.000001
v 0.000000 1.000000 -0.000001
v 0.000000 1.000000 -0.000001
v 0.000000 1.000000 -0.000001
v 0.000000 1.000000 -0.000001
v 0.000000 1.000000 -0.000001
v 0.000000 1.000000 -0.000001
v 0.000000 1.000000 -0.000001
v 0.000000 1.000000 -0.000001
v 0.000000 1.000000 -0.000001
v 0.000000 1.000000 -0.000001
v 0.000000 1.000000 -0.000001
v 0.000000 1.000000 -0.000001
v 0.000000 1.000000 -0.000001
v 0.000000 1.000000 -0.000001
v 0.000000 1.000000 -0.000001
v 0.000000 1.000000 -0.000001
v 0.000000 1.000000 -0.000001
v 0.000000 1.000000 -0.000001
v 0.000000 1.000000 -0.000001
v 0.000000 1.000000 -0.000001
v 0.000000 1.000000 -0.000001
v 0.000000 1.000000 -0.000001
v 0.000000 1.000000 -0.000001
v 0.000000 1.000000 -0.000001
v 0.000000 1.000000 -0.000001
v 0.000000 1.000000 -0.000001
v 0.000000 1.000000 -0.000001
v 0.000000 1.000000 -0.000001
v 0.000000 1.000000 -0.000001
v 0.000000 1.000000 -0.000001
v 0.000000 1.000000 -0.000001
v 0.180240 0.980785 -0.074659
v 0.180240 0.980785 -0.074659
v 0.180240 0.980785 -0.074659
v 0.180240 0.980785 -0.074659
v 0.353554 0.923880 -0.146448
v 0.353554 0.923880 -0.146448
v 0.353554 0.923880 -0.146448
v 0.353554 0.923880 -0.146448
v 0.513280 0.831470 -0.212608
v 0.513280 0.831470 -0.212608
v 0.513280 0.831470 -0.212608
v 0.513280 0.831470 -0.212608
v 0.653282 0.707107 -0.270599
v 0.653282 0.707107 -0.270599
v 0.653282 0.707107 -0.270599
v 0.653282 0.707107 -0.270599
v 0.768178 0.555570 -0.318190
v 0.768178 0.555570 -0.318190
v 0.768178 0.555570 -0.318190
v 0.768178 0.555570 -0.318190
v 0.853554 0.382683 -0.353554
v 0.853554 0.382683 -0.353554
v 0.853554 0.382683 -0.353554
v 0.853554 0.382683 -0.353554
v 0.906128 0.195090 -0.375330
v 0.906128 0.195090 -0.375330
v 0.906128 0.195090 -0.375330
v 0.906128 0.195090 -0.375330
v 0.923880 -0.000000 -0.382684
v 0.923880 -0.000000 -0.382684
v 0.923880 -0.000000 -0.382684
v 0.923880 -0.000000 -0.382684
v 0.906128 -0.195090 -0.375330
v 0.906128 -0.195090 -0.375330
v 0.906128 -0.195090 -0.375330
v 0.906128 -0.195090 -0.375330
v 0.853554 -0.382683 -0.353554
v 0.853554 -0.382683 -0.353554
v 0.853554 -0.382683 -0.353554
v 0.853554 -0.382683 -0.353554
v 0.768178 -0.555570 -0.318189
v 0.768178 -0.555570 -0.318189
v 0.768178 -0.555570 -0.318189
v 0.768178 -0.555570 -0.318189
v 0.653282 -0.707107 -0.270598
v 0.653282 -0.707107 -0.270598
v 0.653282 -0.707107 -0.270598
v 0.653282 -0.707107 -0.270598
v 0.513280 -0.831470 -0.212607
v 0.513280 -0.831470 -0.212607
v 0.513280 -0.831470 -0.212607
v 0.513280 -0.831470 -0.212607
v 0.353554 -0.923880 -0.146447
v 0.353554 -0.923880 -0.146447
v 0.353554 -0.923880 -0.146447
v 0.353554 -0.923880 -0.146447
v 0.180240 -0.980785 -0.074658
v 0.180240 -0.980785 -0.074658
v 0.180240 -0.980785 -0.074658
v 0.180240 -0.980785 -0.074658
v 0.191342 0.980785 -0.038061
v 0.191342 0.980785 -0.038061
v 0.191342 0.980785 -0.038061
v 0.191342 0.980785 -0.038061
v 0.375331 0.923880 -0.074659
v 0.375331 0.923880 -0.074659
v 0.375331 0.923880 -0.074659
v 0.375331 0.923880 -0.074659
v 0.544895 0.831470 -0.108387
v 0.544895 0.831470 -0.108387
v 0.544895 0.831470 -0.108387
v 0.544895 0.831470 -0.108387
v 0.693520 0.707107 -0.137951
v 0.693520 0.707107 -0.137951
v 0.693520 0.707107 -0.137951
v 0.693520 0.707107 -0.137951
v 0.815493 0.555570 -0.162213
v 0.815493 0.555570 -0.162213
v 0.815493 0.555570 -0.162213
v 0.815493 0.555570 -0.162213
v 0.906128 0.382683 -0.180241
v 0.906128 0.382683 -0.180241
v 0.906128 0.382683 -0.180241
v 0.906128 0.382683 -0.180241
v 0.961940 0.195090 -0.191342
v 0.961940 0.195090 -0.191342
v 0.961940 0.195090 -0.191342
v 0.961940 0.195090 -0.191342
v 0.980786 -0.000000 -0.195091
v 0.980786 -0.000000 -0.195091
v 0.980786 -0.000000 -0.195091
v 0.980786 -0.000000 -0.195091
v 0.961940 -0.195090 -0.191342
v 0.961940 -0.195090 -0.191342
v 0.961940 -0.195090 -0.191342
v 0.961940 -0.195090 -0.191342
v 0.906128 -0.382683 -0.180240
v 0.906128 -0.382683 -0.180240
v 0.906128 -0.382683 -0.180240
v 0.906128 -0.382683 -0.180240
v 0.815493 -0.555570 -0.162212
v 0.815493 -0.555570 -0.162212
v 0.815493 -0.555570 -0.162212
v 0.815493 -0.555570 -0.162212
v 0.693520 -0.707107 -0.137950
v 0.693520 -0.707107 -0.137950
v 0.693520 -0.707107 -0.137950
v 0.693520 -0.707107 -0.137950
v 0.544895 -0.831470 -0.108386
v 0.544895 -0.831470 -0.108386
v 0.544895 -0.831470 -0.108386
v 0.544895 -0.831470 -0.108386
v 0.375331 -0.923880 -0.074658
v 0.375331 -0.923880 -0.074658
v 0.375331 -0.923880 -0.074658
v 0.375331 -0.923880 -0.074658
v 0.191342 -0.980785 -0.038060
v 0.191342 -0.980785 -0.038060
v 0.191342 -0.980785 -0.038060
v 0.191342 -0.980785 -0.038060
v 0.195091 0.980785 -0.000001
v 0.195091 0.980785 -0.000001
v 0.195091 0.980785 -0.000001
v 0.195091 0.980785 -0.000001
v 0.382684 0.923880 -0.000001
v 0.382684 0.923880 -0.000001
v 0.382684 0.923880 -0.000001
v 0.382684 0.923880 -0.000001
v 0.555571 0.831470 -0.000001
v 0.555571 0.831470 -0.000001
v 0.555571 0.831470 -0.000001
v 0.555571 0.831470 -0.000001
v 0.707107 0.707107 -0.000001
v 0.707107 0.707107 -0.000001
v 0.707107 0.707107 -0.000001
v 0.707107 0.707107 -0.000001
v 0.831470 0.555570 -0.000001
v 0.831470 0.555570 -0.000001
v 0.831470 0.555570 -0.000001
v 0.831470 0.555570 -0.000001
v 0.923880 0.382683 -0.000001
v 0.923880 0.382683 -0.000001
v 0.923880 0.382683 -0.000001
v 0.923880 0.382683 -0.000001
v 0.980786 0.195090 -0.000000
v 0.980786 0.195090 -0.000000
v 0.980786 0.195090 -0.000000
v 0.980786 0.195090 -0.000000
v 1.000000 -0.000000 -0.000000
v 1.000000 -0.000000 -0.000000
v 1.000000 -0.000000 -0.000000
v 1.000000 -0.000000 -0.000000
v 0.980786 -0.195090 -0.000000
v 0.980786 -0.195090 -0.000000
v 0.980786 -0.195090 -0.000000
v 0.980786 -0.195090 -0.000000
v 0.923880 -0.382683 -0.000000
v 0.923880 -0.382683 -0.000000
v 0.923880 -0.382683 -0.000000
v 0.923880 -0.382683 -0.000000
v 0.831470 -0.555570 -0.000000
v 0.831470 -0.555570 -0.000000
v 0.831470 -0.555570 -0.000000
v 0.831470 -0.555570 -0.000000
v 0.707107 -0.707107 -0.000000
v 0.707107 -0.707107 -0.000000
v 0.707107 -0.707107 -0.000000
v 0.707107 -0.707107 -0.000000
v 0.555571 -0.831470 -0.000000
v 0.555571 -0.831470 -0.000000
v 0.555571 -0.831470 -0.000000
v 0.555571 -0.831470 -0.000000
v 0.382684 -0.923880 -0.000000
v 0.382684 -0.923880 -0.000000
v 0.382684 -0.923880 -0.000000
v 0.382684 -0.923880 -0.000000
v 0.195091 -0.980785 -0.000000
v 0.195091 -0.980785 -0.000000
v 0.195091 -0.980785 -0.000000
v 0.195091 -0.980785 -0.000000
v 0.191342 0.980785 0.038059
v 0.191342 0.980785 0.038059
v 0.191342 0.980785 0.038059
v 0.191342 0.980785 0.038059
v 0.375331 0.923880 0.074657
v 0.375331 0.923880 0.074657
v 0.375331 0.923880 0.074657
v 0.375331 0.923880 0.074657
v 0.544895 0.831470 0.108385
v 0.544895 0.831470 0.108385
v 0.544895 0.831470 0.108385
v 0.544895 0.831470 0.108385
v 0.693520 0.707107 0.137949
v 0.693520 0.707107 0.137949
v 0.693520 0.707107 0.137949
v 0.693520 0.707107 0.137949
v 0.815493 0.555570 0.162211
v 0.815493 0.555570 0.162211
v 0.815493 0.555570 0.162211
v 0.815493 0.555570 0.162211
v 0.906128 0.382683 0.180239
v 0.906128 0.382683 0.180239
v 0.906128 0.382683 0.180239
v 0.906128 0.382683 0.180239
v 0.961940 0.195090 0.191342
v 0.961940 0.195090 0.191342
v 0.961940 0.195090 0.191342
v 0.961940 0.195090 0.191342
v 0.980785 0.000000 0.195090
v 0.980785 0.000000 0.195090
v 0.980785 0.000000 0.195090
v 0.980785 0.000000 0.195090
v 0.961940 -0.195090 0.191342
v 0.961940 -0.195090 0.191342
v 0.961940 -0.195090 0.191342
v 0.961940 -0.195090 0.191342
v 0.906128 -0.382683 0.180240
v 0.906128 -0.382683 0.180240
v 0.906128 -0.382683 0.180240
v 0.906128 -0.382683 0.180240
v 0.815493 -0.555570 0.162212
v 0.815493 -0.555570 0.162212
v 0.815493 -0.555570 0.162212
v 0.815493 -0.555570 0.162212
v 0.693520 -0.707107 0.137950
v 0.693520 -0.707107 0.137950
v 0.693520 -0.707107 0.137950
v 0.693520 -0.707107 0.137950
v 0.544895 -0.831470 0.108386
v 0.544895 -0.831470 0.108386
v 0.544895 -0.831470 0.108386
v 0.544895 -0.831470 0.108386
v 0.375331 -0.923880 0.074658
v 0.375331 -0.923880 0.074658
v 0.375331 -0.923880 0.074658
v 0.375331 -0.923880 0.074658
v 0.191342 -0.980785 0.038060
v 0.191342 -0.980785 0.038060
v 0.191342 -0.980785 0.038060
v 0.191342 -0.980785 0.038060
v 0.180240 0.980785 0.074657
v 0.180240 0.980785 0.074657
v 0.180240 0.980785 0.074657
v 0.180240 0.980785 0.074657
v 0.353554 0.923880 0.146446
v 0.353554 0.923880 0.146446
v 0.353554 0.923880 0.146446
v 0.353554 0.923880 0.146446
v 0.513280 0.831470 0.212607
v 0.513280 0.831470 0.212607
v 0.513280 0.831470 0.212607
v 0.513280 0.831470 0.212607
v 0.653282 0.707107 0.270597
v 0.653282 0.707107 0.270597
v 0.653282 0.707107 0.270597
v 0.653282 0.707107 0.270597
v 0.768178 0.555570 0.318189
v 0.768178 0.555570 0.318189
v 0.768178 0.555570 0.318189
v 0.768178 0.555570 0.318189
v 0.853554 0.382683 0.353552
v 0.853554 0.382683 0.353552
v 0.853554 0.382683 0.353552
v 0.853554 0.382683 0.353552
v 0.906128 0.195090 0.375329
v 0.906128 0.195090 0.375329
v 0.906128 0.195090 0.375329
v 0.906128 0.195090 0.375329
v 0.923880 0.000000 0.382683
v 0.923880 0.000000 0.382683
v 0.923880 0.000000 0.382683
v 0.923880 0.000000 0.382683
v 0.906128 -0.195090 0.375329
v 0.906128 -0.195090 0.375329
v 0.906128 -0.195090 0.375329
v 0.906128 -0.195090 0.375329
v 0.853554 -0.382683 0.353553
v 0.853554 -0.382683 0.353553
v 0.853554 -0.382683 0.353553
v 0.853554 -0.382683 0.353553
v 0.768178 -0.555570 0.318190
v 0.768178 -0.555570 0.318190
v 0.768178 -0.555570 0.318190
v 0.768178 -0.555570 0.318190
v 0.653282 -0.707107 0.270598
v 0.653282 -0.707107 0.270598
v 0.653282 -0.707107 0.270598
v 0.653282 -0.707107 0.270598
v 0.513280 -0.831470 0.212608
v 0.513280 -0.831470 0.212608
v 0.513280 -0.831470 0.212608
v 0.513280 -0.831470 0.212608
v 0.353554 -0.923880 0.146447
v 0.353554 -0.923880 0.146447
v 0.353554 -0.923880 0.146447
v 0.353554 -0.923880 0.146447
v 0.180240 -0.980785 0.074658
v 0.180240 -0.980785 0.074658
v 0.180240 -0.980785 0.074658
v 0.180240 -0.980785 0.074658
v 0.162212 0.980785 0.108385
v 0.162212 0.980785 0.108385
v 0.162212 0.980785 0.108385
v 0.162212 0.980785 0.108385
v 0.318190 0.923880 0.212607
v 0.318190 0.923880 0.212607
v 0.318190 0.923880 0.212607
v 0.318190 0.923880 0.212607
v 0.461940 0.831470 0.308657
v 0.461940 0.831470 0.308657
v 0.461940 0.831470 0.308657
v 0.461940 0.831470 0.308657
v 0.587938 0.707107 0.392846
v 0.587938 0.707107 0.392846
v 0.587938 0.707107 0.392846
v 0.587938 0.707107 0.392846
v 0.691342 0.555570 0.461939
v 0.691342 0.555570 0.461939
v 0.691342 0.555570 0.461939
v 0.691342 0.555570 0.461939
v 0.768178 0.382683 0.513279
v 0.768178 0.382683 0.513279
v 0.768178 0.382683 0.513279
v 0.768178 0.382683 0.513279
v 0.815493 0.195090 0.544895
v 0.815493 0.195090 0.544895
v 0.815493 0.195090 0.544895
v 0.815493 0.195090 0.544895
v 0.831470 0.000000 0.555570
v 0.831470 0.000000 0.555570
v 0.831470 0.000000 0.555570
v 0.831470 0.000000 0.555570
v 0.815493 -0.195090 0.544895
v 0.815493 -0.195090 0.544895
v 0.815493 -0.195090 0.544895
v 0.815493 -0.195090 0.544895
v 0.768178 -0.382683 0.513279
v 0.768178 -0.382683 0.513279
v 0.768178 -0.382683 0.513279
v 0.768178 -0.382683 0.513279
v 0.691342 -0.555570 0.461940
v 0.691342 -0.555570 0.461940
v 0.691342 -0.555570 0.461940
v 0.691342 -0.555570 0.461940
v 0.587938 -0.707107 0.392847
v 0.587938 -0.707107 0.392847
v 0.587938 -0.707107 0.392847
v 0.587938 -0.707107 0.392847
v 0.461940 -0.831470 0.308658
v 0.461940 -0.831470 0.308658
v 0.461940 -0.831470 0.308658
v 0.461940 -0.831470 0.308658
v 0.318190 -0.923880 0.212608
v 0.318190 -0.923880 0.212608
v 0.318190 -0.923880 0.212608
v 0.318190 -0.923880 0.212608
v 0.162212 -0.980785 0.108386
v 0.162212 -0.980785 0.108386
v 0.162212 -0.980785 0.108386
v 0.162212 -0.980785 0.108386
v 0.137950 0.980785 0.137949
v 0.137950 0.980785 0.137949
v 0.137950 0.980785 0.137949
v 0.137950 0.980785 0.137949
v 0.270598 0.923880 0.270597
v 0.270598 0.923880 0.270597
v 0.270598 0.923880 0.270597
v 0.270598 0.923880 0.270597
v 0.392848 0.831470 0.392846
v 0.392848 0.831470 0.392846
v 0.392848 0.831470 0.392846
v 0.392848 0.831470 0.392846
v 0.500000 0.707107 0.499999
v 0.500000 0.707107 0.499999
v 0.500000 0.707107 0.499999
v 0.500000 0.707107 0.499999
v 0.587938 0.555570 0.587937
v 0.587938 0.555570 0.587937
v 0.587938 0.555570 0.587937
v 0.587938 0.555570 0.587937
v 0.653282 0.382683 0.653280
v 0.653282 0.382683 0.653280
v 0.653282 0.382683 0.653280
v 0.653282 0.382683 0.653280
v 0.693520 0.195090 0.693519
v 0.693520 0.195090 0.693519
v 0.693520 0.195090 0.693519
v 0.693520 0.195090 0.693519
v 0.707107 0.000000 0.707106
v 0.707107 0.000000 0.707106
v 0.707107 0.000000 0.707106
v 0.707107 0.000000 0.707106
v 0.693520 -0.195090 0.693519
v 0.693520 -0.195090 0.693519
v 0.693520 -0.195090 0.693519
v 0.693520 -0.195090 0.693519
v 0.653282 -0.382683 0.653280
v 0.653282 -0.382683 0.653280
v 0.653282 -0.382683 0.653280
v 0.653282 -0.382683 0.653280
v 0.587938 -0.555570 0.587938
v 0.587938 -0.555570 0.587938
v 0.587938 -0.555570 0.587938
v 0.587938 -0.555570 0.587938
v 0.500000 -0.707107 0.500000
v 0.500000 -0.707107 0.500000
v 0.500000 -0.707107 0.500000
v 0.500000 -0.707107 0.500000
v 0.392848 -0.831470 0.392847
v 0.392848 -0.831470 0.392847
v 0.392848 -0.831470 0.392847
v 0.392848 -0.831470 0.392847
v 0.270598 -0.923880 0.270598
v 0.270598 -0.923880 0.270598
v 0.270598 -0.923880 0.270598
v 0.270598 -0.923880 0.270598
v 0.137950 -0.980785 0.137950
v 0.137950 -0.980785 0.137950
v 0.137950 -0.980785 0.137950
v 0.137950 -0.980785 0.137950
v 0.108387 0.980785 0.162211
v 0.108387 0.980785 0.162211
v 0.108387 0.980785 0.162211
v 0.108387 0.980785 0.162211
v 0.212608 0.923880 0.318189
v 0.212608 0.923880 0.318189
v 0.212608 0.923880 0.318189
v 0.212608 0.923880 0.318189
v 0.308659 0.831470 0.461939
v 0.308659 0.831470 0.461939
v 0.308659 0.831470 0.461939
v 0.308659 0.831470 0.461939
v 0.392848 0.707107 0.587937
v 0.392848 0.707107 0.587937
v 0.392848 0.707107 0.587937
v 0.392848 0.707107 0.587937
v 0.461940 0.555570 0.691341
v 0.461940 0.555570 0.691341
v 0.461940 0.555570 0.691341
v 0.461940 0.555570 0.691341
v 0.513280 0.382683 0.768178
v 0.513280 0.382683 0.768178
v 0.513280 0.382683 0.768178
v 0.513280 0.382683 0.768178
v 0.544895 0.195090 0.815493
v 0.544895 0.195090 0.815493
v 0.544895 0.195090 0.815493
v 0.544895 0.195090 0.815493
v 0.555570 0.000000 0.831469
v 0.555570 0.000000 0.831469
v 0.555570 0.000000 0.831469
v 0.555570 0.000000 0.831469
v 0.544895 -0.195090 0.815493
v 0.544895 -0.195090 0.815493
v 0.544895 -0.195090 0.815493
v 0.544895 -0.195090 0.815493
v 0.513280 -0.382683 0.768178
v 0.513280 -0.382683 0.768178
v 0.513280 -0.382683 0.768178
v 0.513280 -0.382683 0.768178
v 0.461940 -0.555570 0.691342
v 0.461940 -0.555570 0.691342
v 0.461940 -0.555570 0.691342
v 0.461940 -0.555570 0.691342
v 0.392848 -0.707107 0.587938
v 0.392848 -0.707107 0.587938
v 0.392848 -0.707107 0.587938
v 0.392848 -0.707107 0.587938
v 0.308659 -0.831470 0.461940
v 0.308659 -0.831470 0.461940
v 0.308659 -0.831470 0.461940
v 0.308659 -0.831470 0.461940
v 0.212608 -0.923880 0.318190
v 0.212608 -0.923880 0.318190
v 0.212608 -0.923880 0.318190
v 0.212608 -0.923880 0.318190
v 0.108387 -0.980785 0.162212
v 0.108387 -0.980785 0.162212
v 0.108387 -0.980785 0.162212
v 0.108387 -0.980785 0.162212
v 0.074658 0.980785 0.180239
v 0.074658 0.980785 0.180239
v 0.074658 0.980785 0.180239
v 0.074658 0.980785 0.180239
v 0.146447 0.923880 0.353552
v 0.146447 0.923880 0.353552
v 0.146447 0.923880 0.353552
v 0.146447 0.923880 0.353552
v 0.212608 0.831470 0.513279
v 0.212608 0.831470 0.513279
v 0.212608 0.831470 0.513279
v 0.212608 0.831470 0.513279
v 0.270598 0.707107 0.653280
v 0.270598 0.707107 0.653280
v 0.270598 0.707107 0.653280
v 0.270598 0.707107 0.653280
v 0.318190 0.555570 0.768177
v 0.318190 0.555570 0.768177
v 0.318190 0.555570 0.768177
v 0.318190 0.555570 0.768177
v 0.353554 0.382683 0.853553
v 0.353554 0.382683 0.853553
v 0.353554 0.382683 0.853553
v 0.353554 0.382683 0.853553
v 0.375330 0.195090 0.906126
v 0.375330 0.195090 0.906126
v 0.375330 0.195090 0.906126
v 0.375330 0.195090 0.906126
v 0.382683 0.000000 0.923879
v 0.382683 0.000000 0.923879
v 0.382683 0.000000 0.923879
v 0.382683 0.000000 0.923879
v 0.375330 -0.195090 0.906126
v 0.375330 -0.195090 0.906126
v 0.375330 -0.195090 0.906126
v 0.375330 -0.195090 0.906126
v 0.353554 -0.382683 0.853553
v 0.353554 -0.382683 0.853553
v 0.353554 -0.382683 0.853553
v 0.353554 -0.382683 0.853553
v 0.318190 -0.555570 0.768178
v 0.318190 -0.555570 0.768178
v 0.318190 -0.555570 0.768178
v 0.318190 -0.555570 0.768178
v 0.270598 -0.707107 0.653281
v 0.270598 -0.707107 0.653281
v 0.270598 -0.707107 0.653281
v 0.270598 -0.707107 0.653281
v 0.212608 -0.831470 0.513280
v 0.212608 -0.831470 0.513280
v 0.212608 -0.831470 0.513280
v 0.212608 -0.831470 0.513280
v 0.146447 -0.923880 0.353553
v 0.146447 -0.923880 0.353553
v 0.146447 -0.923880 0.353553
v 0.146447 -0.923880 0.353553
v 0.074658 -0.980785 0.180240
v 0.074658 -0.980785 0.180240
v 0.074658 -0.980785 0.180240
v 0.074658 -0.980785 0.180240
v 0.038061 0.980785 0.191341
v 0.038061 0.980785 0.191341
v 0.038061 0.980785 0.191341
v 0.038061 0.980785 0.191341
v 0.074658 0.923880 0.375329
v 0.074658 0.923880 0.375329
v 0.074658 0.923880 0.375329
v 0.074658 0.923880 0.375329
v 0.108387 0.831470 0.544894
v 0.108387 0.831470 0.544894
v 0.108387 0.831470 0.544894
v 0.108387 0.831470 0.544894
v 0.137950 0.707107 0.693519
v 0.137950 0.707107 0.693519
v 0.137950 0.707107 0.693519
v 0.137950 0.707107 0.693519
v 0.162212 0.555570 0.815492
v 0.162212 0.555570 0.815492
v 0.162212 0.555570 0.815492
v 0.162212 0.555570 0.815492
v 0.180240 0.382683 0.906126
v 0.180240 0.382683 0.906126
v 0.180240 0.382683 0.906126
v 0.180240 0.382683 0.906126
v 0.191342 0.195090 0.961939
v 0.191342 0.195090 0.961939
v 0.191342 0.195090 0.961939
v 0.191342 0.195090 0.961939
v 0.195090 0.000000 0.980785
v 0.195090 0.000000 0.980785
v 0.195090 0.000000 0.980785
v 0.195090 0.000000 0.980785
v 0.191342 -0.195090 0.961939
v 0.191342 -0.195090 0.961939
v 0.191342 -0.195090 0.961939
v 0.191342 -0.195090 0.961939
v 0.180240 -0.382683 0.906126
v 0.180240 -0.382683 0.906126
v 0.180240 -0.382683 0.906126
v 0.180240 -0.382683 0.906126
v 0.162212 -0.555570 0.815493
v 0.162212 -0.555570 0.815493
v 0.162212 -0.555570 0.815493
v 0.162212 -0.555570 0.815493
v 0.137950 -0.707107 0.693520
v 0.137950 -0.707107 0.693520
v 0.137950 -0.707107 0.693520
v 0.137950 -0.707107 0.693520
v 0.108387 -0.831470 0.544895
v 0.108387 -0.831470 0.544895
v 0.108387 -0.831470 0.544895
v 0.108387 -0.831470 0.544895
v 0.074658 -0.923880 0.375330
v 0.074658 -0.923880 0.375330
v 0.074658 -0.923880 0.375330
v 0.074658 -0.923880 0.375330
v 0.038061 -0.980785 0.191342
v 0.038061 -0.980785 0.191342
v 0.038061 -0.980785 0.191342
v 0.038061 -0.980785 0.191342
v 0.000000 0.980785 0.195089
v 0.000000 0.980785 0.195089
v 0.000000 0.980785 0.195089
v 0.000000 0.980785 0.195089
v 0.000000 0.923880 0.382682
v 0.000000 0.923880 0.382682
v 0.000000 0.923880 0.382682
v 0.000000 0.923880 0.382682
v 0.000000 0.831470 0.555569
v 0.000000 0.831470 0.555569
v 0.000000 0.831470 0.555569
v 0.000000 0.831470 0.555569
v 0.000000 0.707107 0.707106
v 0.000000 0.707107 0.707106
v 0.000000 0.707107 0.707106
v 0.000000 0.707107 0.707106
v 0.000000 0.555570 0.831468
v 0.000000 0.555570 0.831468
v 0.000000 0.555570 0.831468
v 0.000000 0.555570 0.831468
v 0.000000 0.382683 0.923879
v 0.000000 0.382683 0.923879
v 0.000000 0.382683 0.923879
v 0.000000 0.382683 0.923879
v 0.000000 0.195090 0.980785
v 0.000000 0.195090 0.980785
v 0.000000 0.195090 0.980785
v 0.000000 0.195090 0.980785
v 0.000000 0.000000 0.999999
v 0.000000 0.000000 0.999999
v 0.000000 0.000000 0.999999
v 0.000000 0.000000 0.999999
v 0.000000 -0.195090 0.980785
v 0.000000 -0.195090 0.980785
v 0.000000 -0.195090 0.980785
v 0.000000 -0.195090 0.980785
v 0.000000 -0.382683 0.923879
v 0.000000 -0.382683 0.923879
v 0.000000 -0.382683 0.923879
v 0.000000 -0.382683 0.923879
v 0.000000 -0.555570 0.831469
v 0.000000 -0.555570 0.831469
v 0.000000 -0.555570 0.831469
v 0.000000 -0.555570 0.831469
v 0.000000 -0.707107 0.707107
v 0.000000 -0.707107 0.707107
v 0.000000 -0.707107 0.707107
v 0.000000 -0.707107 0.707107
v 0.000000 -0.831470 0.555570
v 0.000000 -0.831470 0.555570
v 0.000000 -0.831470 0.555570
v 0.000000 -0.831470 0.555570
v 0.000000 -0.923880 0.382683
v 0.000000 -0.923880 0.382683
v 0.000000 -0.923880 0.382683
v 0.000000 -0.923880 0.382683
v 0.000000 -0.980785 0.195090
v 0.000000 -0.980785 0.195090
v 0.000000 -0.980785 0.195090
v 0.000000 -0.980785 0.195090
v -0.038060 0.980785 0.191341
v -0.038060 0.980785 0.191341
v -0.038060 0.980785 0.191341
v -0.038060 0.980785 0.191341
v -0.074657 0.923880 0.375329
v -0.074657 0.923880 0.375329
v -0.074657 0.923880 0.375329
v -0.074657 0.923880 0.375329
v -0.108386 0.831470 0.544894
v -0.108386 0.831470 0.544894
v -0.108386 0.831470 0.544894
v -0.108386 0.831470 0.544894
v -0.137949 0.707107 0.693519
v -0.137949 0.707107 0.693519
v -0.137949 0.707107 0.693519
v -0.137949 0.707107 0.693519
v -0.162211 0.555570 0.815492
v -0.162211 0.555570 0.815492
v -0.162211 0.555570 0.815492
v -0.162211 0.555570 0.815492
v -0.180239 0.382683 0.906126
v -0.180239 0.382683 0.906126
v -0.180239 0.382683 0.906126
v -0.180239 0.382683 0.906126
v -0.191341 0.195090 0.961939
v -0.191341 0.195090 0.961939
v -0.191341 0.195090 0.961939
v -0.191341 0.195090 0.961939
v -0.195090 0.000000 0.980785
v -0.195090 0.000000 0.980785
v -0.195090 0.000000 0.980785
v -0.195090 0.000000 0.980785
v -0.191341 -0.195090 0.961939
v -0.191341 -0.195090 0.961939
v -0.191341 -0.195090 0.961939
v -0.191341 -0.195090 0.961939
v -0.180239 -0.382683 0.906126
v -0.180239 -0.382683 0.906126
v -0.180239 -0.382683 0.906126
v -0.180239 -0.382683 0.906126
v -0.162211 -0.555570 0.815493
v -0.162211 -0.555570 0.815493
v -0.162211 -0.555570 0.815493
v -0.162211 -0.555570 0.815493
v -0.137949 -0.707107 0.693520
v -0.137949 -0.707107 0.693520
v -0.137949 -0.707107 0.693520
v -0.137949 -0.707107 0.693520
v -0.108386 -0.831470 0.544895
v -0.108386 -0.831470 0.544895
v -0.108386 -0.831470 0.544895
v -0.108386 -0.831470 0.544895
v -0.074657 -0.923880 0.375330
v -0.074657 -0.923880 0.375330
v -0.074657 -0.923880 0.375330
v -0.074657 -0.923880 0.375330
v -0.038060 -0.980785 0.191342
v -0.038060 -0.980785 0.191342
v -0.038060 -0.980785 0.191342
v -0.038060 -0.980785 0.191342
v -0.074657 0.980785 0.180239
v -0.074657 0.980785 0.180239
v -0.074657 0.980785 0.180239
v -0.074657 0.980785 0.180239
v -0.146446 0.923880 0.353552
v -0.146446 0.923880 0.353552
v -0.146446 0.923880 0.353552
v -0.146446 0.923880 0.353552
v -0.212607 0.831470 0.513279
v -0.212607 0.831470 0.513279
v -0.212607 0.831470 0.513279
v -0.212607 0.831470 0.513279
v -0.270598 0.707107 0.653280
v -0.270598 0.707107 0.653280
v -0.270598 0.707107 0.653280
v -0.270598 0.707107 0.653280
v -0.318189 0.555570 0.768176
v -0.318189 0.555570 0.768176
v -0.318189 0.555570 0.768176
v -0.318189 0.555570 0.768176
v -0.353553 0.382683 0.853553
v -0.353553 0.382683 0.853553
v -0.353553 0.382683 0.853553
v -0.353553 0.382683 0.853553
v -0.375330 0.195090 0.906126
v -0.375330 0.195090 0.906126
v -0.375330 0.195090 0.906126
v -0.375330 0.195090 0.906126
v -0.382683 0.000000 0.923879
v -0.382683 0.000000 0.923879
v -0.382683 0.000000 0.923879
v -0.382683 0.000000 0.923879
v -0.375330 -0.195090 0.906126
v -0.375330 -0.195090 0.906126
v -0.375330 -0.195090 0.906126
v -0.375330 -0.195090 0.906126
v -0.353553 -0.382683 0.853553
v -0.353553 -0.382683 0.853553
v -0.353553 -0.382683 0.853553
v -0.353553 -0.382683 0.853553
v -0.318189 -0.555570 0.768177
v -0.318189 -0.555570 0.768177
v -0.318189 -0.555570 0.768177
v -0.318189 -0.555570 0.768177
v -0.270598 -0.707107 0.653281
v -0.270598 -0.707107 0.653281
v -0.270598 -0.707107 0.653281
v -0.270598 -0.707107 0.653281
v -0.212607 -0.831470 0.513280
v -0.212607 -0.831470 0.513280
v -0.212607 -0.831470 0.513280
v -0.212607 -0.831470 0.513280
v -0.146446 -0.923880 0.353553
v -0.146446 -0.923880 0.353553
v -0.146446 -0.923880 0.353553
v -0.146446 -0.923880 0.353553
v -0.074657 -0.980785 0.180240
v -0.074657 -0.980785 0.180240
v -0.074657 -0.980785 0.180240
v -0.074657 -0.980785 0.180240
v -0.108386 0.980785 0.162211
v -0.108386 0.980785 0.162211
v -0.108386 0.980785 0.162211
v -0.108386 0.980785 0.162211
v -0.212607 0.923880 0.318189
v -0.212607 0.923880 0.318189
v -0.212607 0.923880 0.318189
v -0.212607 0.923880 0.318189
v -0.308658 0.831470 0.461938
v -0.308658 0.831470 0.461938
v -0.308658 0.831470 0.461938
v -0.308658 0.831470 0.461938
v -0.392847 0.707107 0.587937
v -0.392847 0.707107 0.587937
v -0.392847 0.707107 0.587937
v -0.392847 0.707107 0.587937
v -0.461939 0.555570 0.691340
v -0.461939 0.555570 0.691340
v -0.461939 0.555570 0.691340
v -0.461939 0.555570 0.691340
v -0.513279 0.382683 0.768178
v -0.513279 0.382683 0.768178
v -0.513279 0.382683 0.768178
v -0.513279 0.382683 0.768178
v -0.544895 0.195090 0.815493
v -0.544895 0.195090 0.815493
v -0.544895 0.195090 0.815493
v -0.544895 0.195090 0.815493
v -0.555570 0.000000 0.831469
v -0.555570 0.000000 0.831469
v -0.555570 0.000000 0.831469
v -0.555570 0.000000 0.831469
v -0.544895 -0.195090 0.815493
v -0.544895 -0.195090 0.815493
v -0.544895 -0.195090 0.815493
v -0.544895 -0.195090 0.815493
v -0.513279 -0.382683 0.768178
v -0.513279 -0.382683 0.768178
v -0.513279 -0.382683 0.768178
v -0.513279 -0.382683 0.768178
v -0.461939 -0.555570 0.691341
v -0.461939 -0.555570 0.691341
v -0.461939 -0.555570 0.691341
v -0.461939 -0.555570 0.691341
v -0.392847 -0.707107 0.587938
v -0.392847 -0.707107 0.587938
v -0.392847 -0.707107 0.587938
v -0.392847 -0.707107 0.587938
v -0.308658 -0.831470 0.461939
v -0.308658 -0.831470 0.461939
v -0.308658 -0.831470 0.461939
v -0.308658 -0.831470 0.461939
v -0.212607 -0.923880 0.318190
v -0.212607 -0.923880 0.318190
v -0.212607 -0.923880 0.318190
v -0.212607 -0.923880 0.318190
v -0.108386 -0.980785 0.162212
v -0.108386 -0.980785 0.162212
v -0.108386 -0.980785 0.162212
v -0.108386 -0.980785 0.162212
v -0.137949 0.980785 0.137949
v -0.137949 0.980785 0.137949
v -0.137949 0.980785 0.137949
v -0.137949 0.980785 0.137949
v -0.270598 0.923880 0.270597
v -0.270598 0.923880 0.270597
v -0.270598 0.923880 0.270597
v -0.270598 0.923880 0.270597
v -0.392847 0.831470 0.392846
v -0.392847 0.831470 0.392846
v -0.392847 0.831470 0.392846
v -0.392847 0.831470 0.392846
v -0.499999 0.707107 0.499999
v -0.499999 0.707107 0.499999
v -0.499999 0.707107 0.499999
v -0.499999 0.707107 0.499999
v -0.587937 0.555570 0.587936
v -0.587937 0.555570 0.587936
v -0.587937 0.555570 0.587936
v -0.587937 0.555570 0.587936
v -0.653281 0.382683 0.653280
v -0.653281 0.382683 0.653280
v -0.653281 0.382683 0.653280
v -0.653281 0.382683 0.653280
v -0.693519 0.195090 0.693519
v -0.693519 0.195090 0.693519
v -0.693519 0.195090 0.693519
v -0.693519 0.195090 0.693519
v -0.707106 0.000000 0.707106
v -0.707106 0.000000 0.707106
v -0.707106 0.000000 0.707106
v -0.707106 0.000000 0.707106
v -0.693519 -0.195090 0.693519
v -0.693519 -0.195090 0.693519
v -0.693519 -0.195090 0.693519
v -0.693519 -0.195090 0.693519
v -0.653281 -0.382683 0.653280
v -0.653281 -0.382683 0.653280
v -0.653281 -0.382683 0.653280
v -0.653281 -0.382683 0.653280
v -0.587937 -0.555570 0.587937
v -0.587937 -0.555570 0.587937
v -0.587937 -0.555570 0.587937
v -0.587937 -0.555570 0.587937
v -0.499999 -0.707107 0.500000
v -0.499999 -0.707107 0.500000
v -0.499999 -0.707107 0.500000
v -0.499999 -0.707107 0.500000
v -0.392847 -0.831470 0.392847
v -0.392847 -0.831470 0.392847
v -0.392847 -0.831470 0.392847
v -0.392847 -0.831470 0.392847
v -0.270598 -0.923880 0.270598
v -0.270598 -0.923880 0.270598
v -0.270598 -0.923880 0.270598
v -0.270598 -0.923880 0.270598
v -0.137949 -0.980785 0.137950
v -0.137949 -0.980785 0.137950
v -0.137949 -0.980785 0.137950
v -0.137949 -0.980785 0.137950
v 0.000000 -1.000000 -0.000000
v 0.000000 -1.000000 -0.000000
v 0.000000 -1.000000 -0.000000
v 0.000000 -1.000000 -0.000000
v 0.000000 -1.000000 -0.000000
v 0.000000 -1.000000 -0.000000
v 0.000000 -1.000000 -0.000000
v 0.000000 -1.000000 -0.000000
v 0.000000 -1.000000 -0.000000
v 0.000000 -1.000000 -0.000000
v 0.000000 -1.000000 -0.000000
v 0.000000 -1.000000 -0.000000
v 0.000000 -1.000000 -0.000000
v 0.000000 -1.000000 -0.000000
v 0.000000 -1.000000 -0.000000
v 0.000000 -1.000000 -0.000000
v 0.000000 -1.000000 -0.000000
v 0.000000 -1.000000 -0.000000
v 0.000000 -1.000000 -0.000000
v 0.000000 -1.000000 -0.000000
v 0.000000 -1.000000 -0.000000
v 0.000000 -1.000000 -0.000000
v 0.000000 -1.000000 -0.000000
v 0.000000 -1.000000 -0.000000
v 0.000000 -1.000000 -0.000000
v 0.000000 -1.000000 -0.000000
v 0.000000 -1.000000 -0.000000
v 0.000000 -1.000000 -0.000000
v 0.000000 -1.000000 -0.000000
v 0.000000 -1.000000 -0.000000
v 0.000000 -1.000000 -0.000000
v 0.000000 -1.000000 -0.000000
v -0.162211 0.980785 0.108385
v -0.162211 0.980785 0.108385
v -0.162211 0.980785 0.108385
v -0.162211 0.980785 0.108385
v -0.318189 0.923880 0.212606
v -0.318189 0.923880 0.212606
v -0.318189 0.923880 0.212606
v -0.318189 0.923880 0.212606
v -0.461939 0.831470 0.308657
v -0.461939 0.831470 0.308657
v -0.461939 0.831470 0.308657
v -0.461939 0.831470 0.308657
v -0.587937 0.707107 0.392846
v -0.587937 0.707107 0.392846
v -0.587937 0.707107 0.392846
v -0.587937 0.707107 0.392846
v -0.691341 0.555570 0.461938
v -0.691341 0.555570 0.461938
v -0.691341 0.555570 0.461938
v -0.691341 0.555570 0.461938
v -0.768177 0.382683 0.513279
v -0.768177 0.382683 0.513279
v -0.768177 0.382683 0.513279
v -0.768177 0.382683 0.513279
v -0.815492 0.195090 0.544895
v -0.815492 0.195090 0.544895
v -0.815492 0.195090 0.544895
v -0.815492 0.195090 0.544895
v -0.831469 0.000000 0.555569
v -0.831469 0.000000 0.555569
v -0.831469 0.000000 0.555569
v -0.831469 0.000000 0.555569
v -0.815492 -0.195090 0.544895
v -0.815492 -0.195090 0.544895
v -0.815492 -0.195090 0.544895
v -0.815492 -0.195090 0.544895
v -0.768177 -0.382683 0.513279
v -0.768177 -0.382683 0.513279
v -0.768177 -0.382683 0.513279
v -0.768177 -0.382683 0.513279
v -0.691341 -0.555570 0.461939
v -0.691341 -0.555570 0.461939
v -0.691341 -0.555570 0.461939
v -0.691341 -0.555570 0.461939
v -0.587937 -0.707107 0.392847
v -0.587937 -0.707107 0.392847
v -0.587937 -0.707107 0.392847
v -0.587937 -0.707107 0.392847
v -0.461939 -0.831470 0.308658
v -0.461939 -0.831470 0.308658
v -0.461939 -0.831470 0.308658
v -0.461939 -0.831470 0.308658
v -0.318189 -0.923880 0.212607
v -0.318189 -0.923880 0.212607
v -0.318189 -0.923880 0.212607
v -0.318189 -0.923880 0.212607
v -0.162211 -0.980785 0.108386
v -0.162211 -0.980785 0.108386
v -0.162211 -0.980785 0.108386
v -0.162211 -0.980785 0.108386
v -0.180239 0.980785 0.074657
v -0.180239 0.980785 0.074657
v -0.180239 0.980785 0.074657
v -0.180239 0.980785 0.074657
v -0.353553 0.923880 0.146446
v -0.353553 0.923880 0.146446
v -0.353553 0.923880 0.146446
v -0.353553 0.923880 0.146446
v -0.513279 0.831470 0.212606
v -0.513279 0.831470 0.212606
v -0.513279 0.831470 0.212606
v -0.513279 0.831470 0.212606
v -0.653281 0.707107 0.270597
v -0.653281 0.707107 0.270597
v -0.653281 0.707107 0.270597
v -0.653281 0.707107 0.270597
v -0.768177 0.555570 0.318188
v -0.768177 0.555570 0.318188
v -0.768177 0.555570 0.318188
v -0.768177 0.555570 0.318188
v -0.853553 0.382683 0.353552
v -0.853553 0.382683 0.353552
v -0.853553 0.382683 0.353552
v -0.853553 0.382683 0.353552
v -0.906127 0.195090 0.375329
v -0.906127 0.195090 0.375329
v -0.906127 0.195090 0.375329
v -0.906127 0.195090 0.375329
v -0.923878 0.000000 0.382683
v -0.923878 0.000000 0.382683
v -0.923878 0.000000 0.382683
v -0.923878 0.000000 0.382683
v -0.906127 -0.195090 0.375329
v -0.906127 -0.195090 0.375329
v -0.906127 -0.195090 0.375329
v -0.906127 -0.195090 0.375329
v -0.853553 -0.382683 0.353553
v -0.853553 -0.382683 0.353553
v -0.853553 -0.382683 0.353553
v -0.853553 -0.382683 0.353553
v -0.768177 -0.555570 0.318189
v -0.768177 -0.555570 0.318189
v -0.768177 -0.555570 0.318189
v -0.768177 -0.555570 0.318189
v -0.653281 -0.707107 0.270598
v -0.653281 -0.707107 0.270598
v -0.653281 -0.707107 0.270598
v -0.653281 -0.707107 0.270598
v -0.513279 -0.831470 0.212607
v -0.513279 -0.831470 0.212607
v -0.513279 -0.831470 0.212607
v -0.513279 -0.831470 0.212607
v -0.353553 -0.923880 0.146447
v -0.353553 -0.923880 0.146447
v -0.353553 -0.923880 0.146447
v -0.353553 -0.923880 0.146447
v -0.180239 -0.980785 0.074658
v -0.180239 -0.980785 0.074658
v -0.180239 -0.980785 0.074658
v -0.180239 -0.980785 0.074658
v -0.191341 0.980785 0.038059
v -0.191341 0.980785 0.038059
v -0.191341 0.980785 0.038059
v -0.191341 0.980785 0.038059
v -0.375330 0.923880 0.074657
v -0.375330 0.923880 0.074657
v -0.375330 0.923880 0.074657
v -0.375330 0.923880 0.074657
v -0.544894 0.831470 0.108385
v -0.544894 0.831470 0.108385
v -0.544894 0.831470 0.108385
v -0.544894 0.831470 0.108385
v -0.693519 0.707107 0.137949
v -0.693519 0.707107 0.137949
v -0.693519 0.707107 0.137949
v -0.693519 0.707107 0.137949
v -0.815492 0.555570 0.162210
v -0.815492 0.555570 0.162210
v -0.815492 0.555570 0.162210
v -0.815492 0.555570 0.162210
v -0.906127 0.382683 0.180239
v -0.906127 0.382683 0.180239
v -0.906127 0.382683 0.180239
v -0.906127 0.382683 0.180239
v -0.961939 0.195090 0.191340
v -0.961939 0.195090 0.191340
v -0.961939 0.195090 0.191340
v -0.961939 0.195090 0.191340
v -0.980784 0.000000 0.195090
v -0.980784 0.000000 0.195090
v -0.980784 0.000000 0.195090
v -0.980784 0.000000 0.195090
v -0.961939 -0.195090 0.191341
v -0.961939 -0.195090 0.191341
v -0.961939 -0.195090 0.191341
v -0.961939 -0.195090 0.191341
v -0.906127 -0.382683 0.180240
v -0.906127 -0.382683 0.180240
v -0.906127 -0.382683 0.180240
v -0.906127 -0.382683 0.180240
v -0.815492 -0.555570 0.162211
v -0.815492 -0.555570 0.162211
v -0.815492 -0.555570 0.162211
v -0.815492 -0.555570 0.162211
v -0.693519 -0.707107 0.137950
v -0.693519 -0.707107 0.137950
v -0.693519 -0.707107 0.137950
v -0.693519 -0.707107 0.137950
v -0.544894 -0.831470 0.108386
v -0.544894 -0.831470 0.108386
v -0.544894 -0.831470 0.108386
v -0.544894 -0.831470 0.108386
v -0.375330 -0.923880 0.074658
v -0.375330 -0.923880 0.074658
v -0.375330 -0.923880 0.074658
v -0.375330 -0.923880 0.074658
v -0.191341 -0.980785 0.038060
v -0.191341 -0.980785 0.038060
v -0.191341 -0.980785 0.038060
v -0.191341 -0.980785 0.038060
v -0.195090 0.980785 -0.000001
v -0.195090 0.980785 -0.000001
v -0.195090 0.980785 -0.000001
v -0.195090 0.980785 -0.000001
v -0.382683 0.923880 -0.000001
v -0.382683 0.923880 -0.000001
v -0.382683 0.923880 -0.000001
v -0.382683 0.923880 -0.000001
v -0.555569 0.831470 -0.000001
v -0.555569 0.831470 -0.000001
v -0.555569 0.831470 -0.000001
v -0.555569 0.831470 -0.000001
v -0.707106 0.707107 -0.000001
v -0.707106 0.707107 -0.000001
v -0.707106 0.707107 -0.000001
v -0.707106 0.707107 -0.000001
v -0.831469 0.555570 -0.000001
v -0.831469 0.555570 -0.000001
v -0.831469 0.555570 -0.000001
v -0.831469 0.555570 -0.000001
v -0.923879 0.382683 -0.000001
v -0.923879 0.382683 -0.000001
v -0.923879 0.382683 -0.000001
v -0.923879 0.382683 -0.000001
v -0.980784 0.195090 -0.000000
v -0.980784 0.195090 -0.000000
v -0.980784 0.195090 -0.000000
v -0.980784 0.195090 -0.000000
v -0.999999 -0.000000 -0.000000
v -0.999999 -0.000000 -0.000000
v -0.999999 -0.000000 -0.000000
v -0.999999 -0.000000 -0.000000
v -0.980784 -0.195090 -0.000000
v -0.980784 -0.195090 -0.000000
v -0.980784 -0.195090 -0.000000
v -0.980784 -0.195090 -0.000000
v -0.923879 -0.382683 -0.000000
v -0.923879 -0.382683 -0.000000
v -0.923879 -0.382683 -0.000000
v -0.923879 -0.382683 -0.000000
v -0.831469 -0.555570 -0.000000
v -0.831469 -0.555570 -0.000000
v -0.831469 -0.555570 -0.000000
v -0.831469 -0.555570 -0.000000
v -0.707106 -0.707107 -0.000000
v -0.707106 -0.707107 -0.000000
v -0.707106 -0.707107 -0.000000
v -0.707106 -0.707107 -0.000000
v -0.555569 -0.831470 -0.000000
v -0.555569 -0.831470 -0.000000
v -0.555569 -0.831470 -0.000000
v -0.555569 -0.831470 -0.000000
v -0.382683 -0.923880 -0.000000
v -0.382683 -0.923880 -0.000000
v -0.382683 -0.923880 -0.000000
v -0.382683 -0.923880 -0.000000
v -0.195090 -0.980785 -0.000000
v -0.195090 -0.980785 -0.000000
v -0.195090 -0.980785 -0.000000
v -0.195090 -0.980785 -0.000000
v -0.191341 0.980785 -0.038061
v -0.191341 0.980785 -0.038061
v -0.191341 0.980785 -0.038061
v -0.191341 0.980785 -0.038061
v -0.375330 0.923880 -0.074659
v -0.375330 0.923880 -0.074659
v -0.375330 0.923880 -0.074659
v -0.375330 0.923880 -0.074659
v -0.544894 0.831470 -0.108387
v -0.544894 0.831470 -0.108387
v -0.544894 0.831470 -0.108387
v -0.544894 0.831470 -0.108387
v -0.693519 0.707107 -0.137951
v -0.693519 0.707107 -0.137951
v -0.693519 0.707107 -0.137951
v -0.693519 0.707107 -0.137951
v -0.815492 0.555570 -0.162213
v -0.815492 0.555570 -0.162213
v -0.815492 0.555570 -0.162213
v -0.815492 0.555570 -0.162213
v -0.906127 0.382683 -0.180241
v -0.906127 0.382683 -0.180241
v -0.906127 0.382683 -0.180241
v -0.906127 0.382683 -0.180241
v -0.961939 0.195090 -0.191342
v -0.961939 0.195090 -0.191342
v -0.961939 0.195090 -0.191342
v -0.961939 0.195090 -0.191342
v -0.980784 -0.000000 -0.195091
v -0.980784 -0.000000 -0.195091
v -0.980784 -0.000000 -0.195091
v -0.980784 -0.000000 -0.195091
v -0.961939 -0.195090 -0.191342
v -0.961939 -0.195090 -0.191342
v -0.961939 -0.195090 -0.191342
v -0.961939 -0.195090 -0.191342
v -0.906127 -0.382683 -0.180240
v -0.906127 -0.382683 -0.180240
v -0.906127 -0.382683 -0.180240
v -0.906127 -0.382683 -0.180240
v -0.815492 -0.555570 -0.162212
v -0.815492 -0.555570 -0.162212
v -0.815492 -0.555570 -0.162212
v -0.815492 -0.555570 -0.162212
v -0.693519 -0.707107 -0.137950
v -0.693519 -0.707107 -0.137950
v -0.693519 -0.707107 -0.137950
v -0.693519 -0.707107 -0.137950
v -0.544894 -0.831470 -0.108386
v -0.544894 -0.831470 -0.108386
v -0.544894 -0.831470 -0.108386
v -0.544894 -0.831470 -0.108386
v -0.375330 -0.923880 -0.074658
v -0.375330 -0.923880 -0.074658
v -0.375330 -0.923880 -0.074658
v -0.375330 -0.923880 -0.074658
v -0.191341 -0.980785 -0.038060
v -0.191341 -0.980785 -0.038060
v -0.191341 -0.980785 -0.038060
v -0.191341 -0.980785 -0.038060
v -0.180239 0.980785 -0.074659
v -0.180239 0.980785 -0.074659
v -0.180239 0.980785 -0.074659
v -0.180239 0.980785 -0.074659
v -0.353553 0.923880 -0.146448
v -0.353553 0.923880 -0.146448
v -0.353553 0.923880 -0.146448
v -0.353553 0.923880 -0.146448
v -0.513279 0.831470 -0.212608
v -0.513279 0.831470 -0.212608
v -0.513279 0.831470 -0.212608
v -0.513279 0.831470 -0.212608
v -0.653281 0.707107 -0.270599
v -0.653281 0.707107 -0.270599
v -0.653281 0.707107 -0.270599
v -0.653281 0.707107 -0.270599
v -0.768177 0.555570 -0.318190
v -0.768177 0.555570 -0.318190
v -0.768177 0.555570 -0.318190
v -0.768177 0.555570 -0.318190
v -0.853553 0.382683 -0.353554
v -0.853553 0.382683 -0.353554
v -0.853553 0.382683 -0.353554
v -0.853553 0.382683 -0.353554
v -0.906126 0.195090 -0.375330
v -0.906126 0.195090 -0.375330
v -0.906126 0.195090 -0.375330
v -0.906126 0.195090 -0.375330
v -0.923878 -0.000000 -0.382684
v -0.923878 -0.000000 -0.382684
v -0.923878 -0.000000 -0.382684
v -0.923878 -0.000000 -0.382684
v -0.906126 -0.195090 -0.375330
v -0.906126 -0.195090 -0.375330
v -0.906126 -0.195090 -0.375330
v -0.906126 -0.195090 -0.375330
v -0.853553 -0.382683 -0.353554
v -0.853553 -0.382683 -0.353554
v -0.853553 -0.382683 -0.353554
v -0.853553 -0.382683 -0.353554
v -0.768177 -0.555570 -0.318190
v -0.768177 -0.555570 -0.318190
v -0.768177 -0.555570 -0.318190
v -0.768177 -0.555570 -0.318190
v -0.653281 -0.707107 -0.270598
v -0.653281 -0.707107 -0.270598
v -0.653281 -0.707107 -0.270598
v -0.653281 -0.707107 -0.270598
v -0.513279 -0.831470 -0.212607
v -0.513279 -0.831470 -0.212607
v -0.513279 -0.831470 -0.212607
v -0.513279 -0.831470 -0.212607
v -0.353553 -0.923880 -0.146447
v -0.353553 -0.923880 -0.146447
v -0.353553 -0.923880 -0.146447
v -0.353553 -0.923880 -0.146447
v -0.180239 -0.980785 -0.074658
v -0.180239 -0.980785 -0.074658
v -0.180239 -0.980785 -0.074658
v -0.180239 -0.980785 -0.074658
v -0.162211 0.980785 -0.108387
v -0.162211 0.980785 -0.108387
v -0.162211 0.980785 -0.108387
v -0.162211 0.980785 -0.108387
v -0.318189 0.923880 -0.212608
v -0.318189 0.923880 -0.212608
v -0.318189 0.923880 -0.212608
v -0.318189 0.923880 -0.212608
v -0.461939 0.831470 -0.308659
v -0.461939 0.831470 -0.308659
v -0.461939 0.831470 -0.308659
v -0.461939 0.831470 -0.308659
v -0.587937 0.707107 -0.392848
v -0.587937 0.707107 -0.392848
v -0.587937 0.707107 -0.392848
v -0.587937 0.707107 -0.392848
v -0.691341 0.555570 -0.461941
v -0.691341 0.555570 -0.461941
v -0.691341 0.555570 -0.461941
v -0.691341 0.555570 -0.461941
v -0.768177 0.382683 -0.513281
v -0.768177 0.382683 -0.513281
v -0.768177 0.382683 -0.513281
v -0.768177 0.382683 -0.513281
v -0.815492 0.195090 -0.544896
v -0.815492 0.195090 -0.544896
v -0.815492 0.195090 -0.544896
v -0.815492 0.195090 -0.544896
v -0.831468 -0.000000 -0.555570
v -0.831468 -0.000000 -0.555570
v -0.831468 -0.000000 -0.555570
v -0.831468 -0.000000 -0.555570
v -0.815492 -0.195090 -0.544896
v -0.815492 -0.195090 -0.544896
v -0.815492 -0.195090 -0.544896
v -0.815492 -0.195090 -0.544896
v -0.768177 -0.382683 -0.513281
v -0.768177 -0.382683 -0.513281
v -0.768177 -0.382683 -0.513281
v -0.768177 -0.382683 -0.513281
v -0.691341 -0.555570 -0.461940
v -0.691341 -0.555570 -0.461940
v -0.691341 -0.555570 -0.461940
v -0.691341 -0.555570 -0.461940
v -0.587937 -0.707107 -0.392847
v -0.587937 -0.707107 -0.392847
v -0.587937 -0.707107 -0.392847
v -0.587937 -0.707107 -0.392847
v -0.461939 -0.831470 -0.308658
v -0.461939 -0.831470 -0.308658
v -0.461939 -0.831470 -0.308658
v -0.461939 -0.831470 -0.308658
v -0.318189 -0.923880 -0.212607
v -0.318189 -0.923880 -0.212607
v -0.318189 -0.923880 -0.212607
v -0.318189 -0.923880 -0.212607
v -0.162211 -0.980785 -0.108386
v -0.162211 -0.980785 -0.108386
v -0.162211 -0.980785 -0.108386
v -0.162211 -0.980785 -0.108386
v -0.137949 0.980785 -0.137951
v -0.137949 0.980785 -0.137951
v -0.137949 0.980785 -0.137951
v -0.137949 0.980785 -0.137951
v -0.270597 0.923880 -0.270599
v -0.270597 0.923880 -0.270599
v -0.270597 0.923880 -0.270599
v -0.270597 0.923880 -0.270599
v -0.392847 0.831470 -0.392848
v -0.392847 0.831470 -0.392848
v -0.392847 0.831470 -0.392848
v -0.392847 0.831470 -0.392848
v -0.499999 0.707107 -0.500001
v -0.499999 0.707107 -0.500001
v -0.499999 0.707107 -0.500001
v -0.499999 0.707107 -0.500001
v -0.587937 0.555570 -0.587938
v -0.587937 0.555570 -0.587938
v -0.587937 0.555570 -0.587938
v -0.587937 0.555570 -0.587938
v -0.653281 0.382683 -0.653281
v -0.653281 0.382683 -0.653281
v -0.653281 0.382683 -0.653281
v -0.653281 0.382683 -0.653281
v -0.693519 0.195090 -0.693520
v -0.693519 0.195090 -0.693520
v -0.693519 0.195090 -0.693520
v -0.693519 0.195090 -0.693520
v -0.707105 -0.000000 -0.707106
v -0.707105 -0.000000 -0.707106
v -0.707105 -0.000000 -0.707106
v -0.707105 -0.000000 -0.707106
v -0.693519 -0.195090 -0.693520
v -0.693519 -0.195090 -0.693520
v -0.693519 -0.195090 -0.693520
v -0.693519 -0.195090 -0.693520
v -0.653281 -0.382683 -0.653281
v -0.653281 -0.382683 -0.653281
v -0.653281 -0.382683 -0.653281
v -0.653281 -0.382683 -0.653281
v -0.587937 -0.555570 -0.587938
v -0.587937 -0.555570 -0.587938
v -0.587937 -0.555570 -0.587938
v -0.587937 -0.555570 -0.587938
v -0.499999 -0.707107 -0.500000
v -0.499999 -0.707107 -0.500000
v -0.499999 -0.707107 -0.500000
v -0.499999 -0.707107 -0.500000
v -0.392847 -0.831470 -0.392847
v -0.392847 -0.831470 -0.392847
v -0.392847 -0.831470 -0.392847
v -0.392847 -0.831470 -0.392847
v -0.270597 -0.923880 -0.270598
v -0.270597 -0.923880 -0.270598
v -0.270597 -0.923880 -0.270598
v -0.270597 -0.923880 -0.270598
v -0.137949 -0.980785 -0.137950
v -0.137949 -0.980785 -0.137950
v -0.137949 -0.980785 -0.137950
v -0.137949 -0.980785 -0.137950
v -0.108386 0.980785 -0.162213
v -0.108386 0.980785 -0.162213
v -0.108386 0.980785 -0.162213
v -0.108386 0.980785 -0.162213
v -0.212607 0.923880 -0.318190
v -0.212607 0.923880 -0.318190
v -0.212607 0.923880 -0.318190
v -0.212607 0.923880 -0.318190
v -0.308657 0.831470 -0.461940
v -0.308657 0.831470 -0.461940
v -0.308657 0.831470 -0.461940
v -0.308657 0.831470 -0.461940
v -0.392847 0.707107 -0.587938
v -0.392847 0.707107 -0.587938
v -0.392847 0.707107 -0.587938
v -0.392847 0.707107 -0.587938
v -0.461939 0.555570 -0.691342
v -0.461939 0.555570 -0.691342
v -0.461939 0.555570 -0.691342
v -0.461939 0.555570 -0.691342
v -0.513279 0.382683 -0.768178
v -0.513279 0.382683 -0.768178
v -0.513279 0.382683 -0.768178
v -0.513279 0.382683 -0.768178
v -0.544894 0.195090 -0.815493
v -0.544894 0.195090 -0.815493
v -0.544894 0.195090 -0.815493
v -0.544894 0.195090 -0.815493
v -0.555569 -0.000000 -0.831470
v -0.555569 -0.000000 -0.831470
v -0.555569 -0.000000 -0.831470
v -0.555569 -0.000000 -0.831470
v -0.544894 -0.195090 -0.815493
v -0.544894 -0.195090 -0.815493
v -0.544894 -0.195090 -0.815493
v -0.544894 -0.195090 -0.815493
v -0.513279 -0.382683 -0.768178
v -0.513279 -0.382683 -0.768178
v -0.513279 -0.382683 -0.768178
v -0.513279 -0.382683 -0.768178
v -0.461939 -0.555570 -0.691341
v -0.461939 -0.555570 -0.691341
v -0.461939 -0.555570 -0.691341
v -0.461939 -0.555570 -0.691341
v -0.392847 -0.707107 -0.587938
v -0.392847 -0.707107 -0.587938
v -0.392847 -0.707107 -0.587938
v -0.392847 -0.707107 -0.587938
v -0.308657 -0.831470 -0.461939
v -0.308657 -0.831470 -0.461939
v -0.308657 -0.831470 -0.461939
v -0.308657 -0.831470 -0.461939
v -0.212607 -0.923880 -0.318189
v -0.212607 -0.923880 -0.318189
v -0.212607 -0.923880 -0.318189
v -0.212607 -0.923880 -0.318189
v -0.108386 -0.980785 -0.162212
v -0.108386 -0.980785 -0.162212
v -0.108386 -0.980785 -0.162212
v -0.108386 -0.980785 -0.162212
v -0.074657 0.980785 -0.180241
v -0.074657 0.980785 -0.180241
v -0.074657 0.980785 -0.180241
v -0.074657 0.980785 -0.180241
v -0.146446 0.923880 -0.353554
v -0.146446 0.923880 -0.353554
v -0.146446 0.923880 -0.353554
v -0.146446 0.923880 -0.353554
v -0.212607 0.831470 -0.513279
v -0.212607 0.831470 -0.513279
v -0.212607 0.831470 -0.513279
v -0.212607 0.831470 -0.513279
v -0.270597 0.707107 -0.653282
v -0.270597 0.707107 -0.653282
v -0.270597 0.707107 -0.653282
v -0.270597 0.707107 -0.653282
v -0.318189 0.555570 -0.768178
v -0.318189 0.555570 -0.768178
v -0.318189 0.555570 -0.768178
v -0.318189 0.555570 -0.768178
v -0.353553 0.382683 -0.853554
v -0.353553 0.382683 -0.853554
v -0.353553 0.382683 -0.853554
v -0.353553 0.382683 -0.853554
v -0.375329 0.195090 -0.906127
v -0.375329 0.195090 -0.906127
v -0.375329 0.195090 -0.906127
v -0.375329 0.195090 -0.906127
v -0.382682 -0.000000 -0.923880
v -0.382682 -0.000000 -0.923880
v -0.382682 -0.000000 -0.923880
v -0.382682 -0.000000 -0.923880
v -0.375329 -0.195090 -0.906127
v -0.375329 -0.195090 -0.906127
v -0.375329 -0.195090 -0.906127
v -0.375329 -0.195090 -0.906127
v -0.353553 -0.382683 -0.853554
v -0.353553 -0.382683 -0.853554
v -0.353553 -0.382683 -0.853554
v -0.353553 -0.382683 -0.853554
v -0.318189 -0.555570 -0.768177
v -0.318189 -0.555570 -0.768177
v -0.318189 -0.555570 -0.768177
v -0.318189 -0.555570 -0.768177
v -0.270597 -0.707107 -0.653281
v -0.270597 -0.707107 -0.653281
v -0.270597 -0.707107 -0.653281
v -0.270597 -0.707107 -0.653281
v -0.212607 -0.831470 -0.513279
v -0.212607 -0.831470 -0.513279
v -0.212607 -0.831470 -0.513279
v -0.212607 -0.831470 -0.513279
v -0.146446 -0.923880 -0.353553
v -0.146446 -0.923880 -0.353553
v -0.146446 -0.923880 -0.353553
v -0.146446 -0.923880 -0.353553
v -0.074657 -0.980785 -0.180240
v -0.074657 -0.980785 -0.180240
v -0.074657 -0.980785 -0.180240
v -0.074657 -0.980785 -0.180240
v -0.038060 0.980785 -0.191343
v -0.038060 0.980785 -0.191343
v -0.038060 0.980785 -0.191343
v -0.038060 0.980785 -0.191343
v -0.074657 0.923880 -0.375331
v -0.074657 0.923880 -0.375331
v -0.074657 0.923880 -0.375331
v -0.074657 0.923880 -0.375331
v -0.108386 0.831470 -0.544895
v -0.108386 0.831470 -0.544895
v -0.108386 0.831470 -0.544895
v -0.108386 0.831470 -0.544895
v -0.137949 0.707107 -0.693520
v -0.137949 0.707107 -0.693520
v -0.137949 0.707107 -0.693520
v -0.137949 0.707107 -0.693520
v -0.162211 0.555570 -0.815494
v -0.162211 0.555570 -0.815494
v -0.162211 0.555570 -0.815494
v -0.162211 0.555570 -0.815494
v -0.180239 0.382683 -0.906127
v -0.180239 0.382683 -0.906127
v -0.180239 0.382683 -0.906127
v -0.180239 0.382683 -0.906127
v -0.191341 0.195090 -0.961940
v -0.191341 0.195090 -0.961940
v -0.191341 0.195090 -0.961940
v -0.191341 0.195090 -0.961940
v -0.195089 -0.000000 -0.980784
v -0.195089 -0.000000 -0.980784
v -0.195089 -0.000000 -0.980784
v -0.195089 -0.000000 -0.980784
v -0.191341 -0.195090 -0.961940
v -0.191341 -0.195090 -0.961940
v -0.191341 -0.195090 -0.961940
v -0.191341 -0.195090 -0.961940
v -0.180239 -0.382683 -0.906127
v -0.180239 -0.382683 -0.906127
v -0.180239 -0.382683 -0.906127
v -0.180239 -0.382683 -0.906127
v -0.162211 -0.555570 -0.815493
v -0.162211 -0.555570 -0.815493
v -0.162211 -0.555570 -0.815493
v -0.162211 -0.555570 -0.815493
v -0.137949 -0.707107 -0.693520
v -0.137949 -0.707107 -0.693520
v -0.137949 -0.707107 -0.693520
v -0.137949 -0.707107 -0.693520
v -0.108386 -0.831470 -0.544894
v -0.108386 -0.831470 -0.544894
v -0.108386 -0.831470 -0.544894
v -0.108386 -0.831470 -0.544894
v -0.074657 -0.923880 -0.375330
v -0.074657 -0.923880 -0.375330
v -0.074657 -0.923880 -0.375330
v -0.074657 -0.923880 -0.375330
v -0.038060 -0.980785 -0.191342
v -0.038060 -0.980785 -0.191342
v -0.038060 -0.980785 -0.191342
v -0.038060 -0.980785 -0.191342
v 0.000000 0.980785 -0.195091
v 0.000000 0.980785 -0.195091
v 0.000000 0.980785 -0.195091
v 0.000000 0.980785 -0.195091
v 0.000000 0.923880 -0.382684
v 0.000000 0.923880 -0.382684
v 0.000000 0.923880 -0.382684
v 0.000000 0.923880 -0.382684
v 0.000001 0.707107 -0.707108
v 0.000001 0.707107 -0.707108
v 0.000001 0.707107 -0.707108
v 0.000001 0.707107 -0.707108
v 0.000000 0.382683 -0.923880
v 0.000000 0.382683 -0.923880
v 0.000000 0.382683 -0.923880
v 0.000000 0.382683 -0.923880
v 0.000000 -0.382683 -0.923880
v 0.000000 -0.382683 -0.923880
v 0.000000 -0.382683 -0.923880
v 0.000000 -0.382683 -0.923880
v 0.000001 -0.707107 -0.707107
v 0.000001 -0.707107 -0.707107
v 0.000001 -0.707107 -0.707107
v 0.000001 -0.707107 -0.707107
v 0.000001 -0.831470 -0.555570
v 0.000001 -0.831470 -0.555570
v 0.000001 -0.831470 -0.555570
v 0.000001 -0.831470 -0.555570
v 0.000000 -0.923880 -0.382683
v 0.000000 -0.923880 -0.382683
v 0.000000 -0.923880 -0.382683
v 0.000000 -0.923880 -0.382683
v 0.000000 -0.980785 -0.195090
v 0.000000 -0.980785 -0.195090
v 0.000000 -0.980785 -0.195090
v 0.000000 -0.980785 -0.195090
vn 0.0759 0.6326 -0.7708
vn 0.0624 -0.7715 -0.6332
vn 0.0865 0.4696 -0.8786
vn 0.0464 -0.8810 -0.4709
vn 0.0938 0.2890 -0.9527
vn 0.0286 -0.9566 -0.2902
vn 0.0286 -0.9565 -0.2902
vn 0.0975 0.0975 -0.9904
vn 0.0975 0.0976 -0.9904
vn 0.0976 0.0975 -0.9904
vn 0.0097 0.9951 -0.0980
vn 0.0097 -0.9951 -0.0980
vn 0.0975 -0.0975 -0.9904
vn 0.0976 -0.0976 -0.9904
vn 0.0286 0.9566 -0.2902
vn 0.0938 -0.2890 -0.9527
vn 0.0464 0.8810 -0.4709
vn 0.0865 -0.4696 -0.8786
vn 0.0624 0.7715 -0.6332
vn 0.0759 -0.6326 -0.7708
vn 0.2563 -0.4696 -0.8448
vn 0.2563 -0.4696 -0.8449
vn 0.1847 0.7715 -0.6088
vn 0.2248 -0.6326 -0.7412
vn 0.2248 0.6326 -0.7412
vn 0.1847 -0.7715 -0.6088
vn 0.2563 0.4696 -0.8449
vn 0.2563 0.4696 -0.8448
vn 0.1374 -0.8810 -0.4528
vn 0.2779 0.2890 -0.9161
vn 0.0846 -0.9565 -0.2790
vn 0.0846 -0.9566 -0.2790
vn 0.2889 0.0975 -0.9524
vn 0.0286 0.9951 -0.0942
vn 0.0286 -0.9951 -0.0942
vn 0.2889 -0.0975 -0.9524
vn 0.0846 0.9566 -0.2790
vn 0.2779 -0.2890 -0.9161
vn 0.1374 0.8810 -0.4528
vn 0.1374 -0.9566 -0.2571
vn 0.4691 0.0976 -0.8777
vn 0.4691 0.0975 -0.8777
vn 0.0464 0.9951 -0.0869
vn 0.0464 -0.9951 -0.0869
vn 0.4691 -0.0976 -0.8777
vn 0.4691 -0.0975 -0.8777
vn 0.1374 0.9566 -0.2571
vn 0.4513 -0.2890 -0.8443
vn 0.2230 0.8810 -0.4173
vn 0.4162 -0.4696 -0.7786
vn 0.2999 0.7715 -0.5611
vn 0.3651 -0.6326 -0.6831
vn 0.3651 0.6326 -0.6831
vn 0.2999 -0.7715 -0.5611
vn 0.4162 0.4696 -0.7786
vn 0.2230 -0.8810 -0.4173
vn 0.4513 0.2890 -0.8443
vn 0.4913 -0.6326 -0.5987
vn 0.4913 0.6326 -0.5987
vn 0.4036 -0.7715 -0.4918
vn 0.5601 0.4696 -0.6825
vn 0.3002 -0.8810 -0.3658
vn 0.6073 0.2890 -0.7400
vn 0.1850 -0.9565 -0.2254
vn 0.1850 -0.9566 -0.2254
vn 0.6314 0.0976 -0.7693
vn 0.0625 0.9951 -0.0761
vn 0.0625 -0.9951 -0.0761
vn 0.6314 -0.0976 -0.7693
vn 0.1850 0.9566 -0.2254
vn 0.6073 -0.2890 -0.7400
vn 0.3002 0.8810 -0.3658
vn 0.5601 -0.4696 -0.6825
vn 0.4036 0.7715 -0.4918
vn 0.0761 0.9951 -0.0625
vn 0.0761 -0.9951 -0.0625
vn 0.7693 -0.0975 -0.6314
vn 0.7693 -0.0976 -0.6314
vn 0.2254 0.9566 -0.1850
vn 0.2254 0.9565 -0.1850
vn 0.7400 -0.2890 -0.6073
vn 0.3658 0.8810 -0.3002
vn 0.6825 -0.4696 -0.5601
vn 0.4918 0.7715 -0.4036
vn 0.5987 -0.6326 -0.4913
vn 0.5987 0.6326 -0.4913
vn 0.4918 -0.7715 -0.4036
vn 0.6825 0.4696 -0.5601
vn 0.3658 -0.8810 -0.3002
vn 0.7400 0.2890 -0.6073
vn 0.2254 -0.9566 -0.1850
vn 0.7693 0.0975 -0.6314
vn 0.7693 0.0976 -0.6314
vn 0.6831 0.6326 -0.3651
vn 0.5611 -0.7715 -0.2999
vn 0.7786 0.4696 -0.4162
vn 0.4173 -0.8810 -0.2231
vn 0.4173 -0.8810 -0.2230
vn 0.8443 0.2890 -0.4513
vn 0.2571 -0.9566 -0.1374
vn 0.8777 0.0975 -0.4691
vn 0.0869 0.9951 -0.0464
vn 0.0869 -0.9951 -0.0464
vn 0.8777 -0.0975 -0.4691
vn 0.2571 0.9566 -0.1374
vn 0.8443 -0.2890 -0.4513
vn 0.4173 0.8810 -0.2231
vn 0.4173 0.8810 -0.2230
vn 0.7786 -0.4696 -0.4162
vn 0.5611 0.7715 -0.2999
vn 0.6831 -0.6326 -0.3651
vn 0.9524 -0.0976 -0.2889
vn 0.9524 -0.0975 -0.2889
vn 0.2790 0.9566 -0.0846
vn 0.9161 -0.2890 -0.2779
vn 0.4528 0.8810 -0.1374
vn 0.8448 -0.4696 -0.2563
vn 0.6088 0.7715 -0.1847
vn 0.7412 -0.6326 -0.2248
vn 0.7412 0.6326 -0.2248
vn 0.6088 -0.7715 -0.1847
vn 0.8448 0.4696 -0.2563
vn 0.4528 -0.8810 -0.1374
vn 0.9161 0.2890 -0.2779
vn 0.2790 -0.9566 -0.0846
vn 0.9524 0.0976 -0.2889
vn 0.9524 0.0975 -0.2889
vn 0.0942 0.9951 -0.0286
vn 0.0942 -0.9951 -0.0286
vn 0.6332 -0.7715 -0.0624
vn 0.8786 0.4696 -0.0865
vn 0.4709 -0.8810 -0.0464
vn 0.9527 0.2890 -0.0938
vn 0.2902 -0.9566 -0.0286
vn 0.9904 0.0975 -0.0975
vn 0.9904 0.0976 -0.0976
vn 0.0980 0.9951 -0.0097
vn 0.0980 -0.9951 -0.0097
vn 0.9904 -0.0975 -0.0975
vn 0.9904 -0.0976 -0.0975
vn 0.9904 -0.0975 -0.0976
vn 0.2902 0.9566 -0.0286
vn 0.9527 -0.2890 -0.0938
vn 0.4709 0.8810 -0.0464
vn 0.8786 -0.4696 -0.0865
vn 0.6332 0.7715 -0.0624
vn 0.7708 -0.6326 -0.0759
vn 0.7708 0.6326 -0.0759
vn 0.2902 0.9566 0.0286
vn 0.9527 -0.2890 0.0938
vn 0.4709 0.8810 0.0464
vn 0.8786 -0.4696 0.0865
vn 0.6332 0.7715 0.0624
vn 0.7708 -0.6326 0.0759
vn 0.7708 0.6326 0.0759
vn 0.6332 -0.7715 0.0624
vn 0.8786 0.4696 0.0865
vn 0.4709 -0.8810 0.0464
vn 0.9527 0.2890 0.0938
vn 0.2902 -0.9566 0.0286
vn 0.9904 0.0975 0.0976
vn 0.0980 0.9951 0.0096
vn 0.0980 -0.9951 0.0097
vn 0.9904 -0.0975 0.0976
vn 0.8448 0.4696 0.2563
vn 0.4528 -0.8810 0.1374
vn 0.9161 0.2890 0.2779
vn 0.2790 -0.9566 0.0846
vn 0.9524 0.0975 0.2889
vn 0.0942 0.9951 0.0286
vn 0.0942 -0.9951 0.0286
vn 0.9524 -0.0975 0.2889
vn 0.2790 0.9566 0.0846
vn 0.9161 -0.2890 0.2779
vn 0.4528 0.8810 0.1374
vn 0.8448 -0.4696 0.2563
vn 0.6088 0.7715 0.1847
vn 0.7412 -0.6326 0.2248
vn 0.7412 0.6326 0.2248
vn 0.6088 -0.7715 0.1847
vn 0.8443 -0.2890 0.4513
vn 0.4173 0.8810 0.2231
vn 0.7786 -0.4696 0.4162
vn 0.5611 0.7715 0.2999
vn 0.6831 -0.6326 0.3651
vn 0.6831 0.6326 0.3651
vn 0.5611 -0.7715 0.2999
vn 0.7786 0.4696 0.4162
vn 0.4173 -0.8810 0.2231
vn 0.8443 0.2890 0.4513
vn 0.2571 -0.9566 0.1374
vn 0.8777 0.0976 0.4691
vn 0.8777 0.0975 0.4692
vn 0.0869 0.9951 0.0464
vn 0.0869 -0.9951 0.0464
vn 0.8777 -0.0976 0.4691
vn 0.8777 -0.0975 0.4691
vn 0.8777 -0.0976 0.4692
vn 0.2571 0.9566 0.1374
vn 0.3658 -0.8810 0.3002
vn 0.7400 0.2890 0.6073
vn 0.2254 -0.9566 0.1850
vn 0.7693 0.0976 0.6314
vn 0.0761 0.9951 0.0625
vn 0.0761 -0.9951 0.0625
vn 0.7693 -0.0976 0.6314
vn 0.2254 0.9566 0.1850
vn 0.7400 -0.2890 0.6073
vn 0.3658 0.8810 0.3002
vn 0.6825 -0.4696 0.5601
vn 0.4918 0.7715 0.4036
vn 0.5987 -0.6326 0.4913
vn 0.5987 0.6326 0.4913
vn 0.4918 -0.7715 0.4036
vn 0.6825 0.4696 0.5601
vn 0.5601 -0.4696 0.6825
vn 0.4036 0.7715 0.4918
vn 0.4913 -0.6326 0.5987
vn 0.4913 0.6326 0.5987
vn 0.4036 -0.7715 0.4918
vn 0.5601 0.4696 0.6825
vn 0.3002 -0.8810 0.3658
vn 0.6073 0.2890 0.7400
vn 0.1850 -0.9566 0.2254
vn 0.6314 0.0975 0.7693
vn 0.6314 0.0976 0.7693
vn 0.0625 0.9951 0.0761
vn 0.0625 -0.9951 0.0761
vn 0.6314 -0.0975 0.7693
vn 0.6314 -0.0976 0.7693
vn 0.1850 0.9566 0.2254
vn 0.1850 0.9565 0.2254
vn 0.6073 -0.2890 0.7400
vn 0.3002 0.8810 0.3658
vn 0.1374 -0.9566 0.2571
vn 0.4691 0.0975 0.8777
vn 0.0464 0.9951 0.0869
vn 0.0464 -0.9951 0.0869
vn 0.4691 -0.0975 0.8777
vn 0.1374 0.9566 0.2571
vn 0.4513 -0.2890 0.8443
vn 0.2230 0.8810 0.4173
vn 0.4162 -0.4696 0.7786
vn 0.2999 0.7715 0.5611
vn 0.3651 -0.6326 0.6831
vn 0.3651 0.6326 0.6831
vn 0.2999 -0.7715 0.5611
vn 0.4162 0.4696 0.7786
vn 0.2230 -0.8810 0.4173
vn 0.4513 0.2890 0.8443
vn 0.1847 0.7715 0.6088
vn 0.2248 -0.6326 0.7412
vn 0.2248 0.6326 0.7412
vn 0.1847 -0.7715 0.6088
vn 0.2563 0.4696 0.8448
vn 0.2563 0.4696 0.8449
vn 0.1374 -0.8810 0.4528
vn 0.2779 0.2890 0.9161
vn 0.0846 -0.9566 0.2790
vn 0.2889 0.0976 0.9524
vn 0.2889 0.0975 0.9524
vn 0.0286 0.9951 0.0942
vn 0.0286 -0.9951 0.0942
vn 0.2889 -0.0976 0.9524
vn 0.2889 -0.0975 0.9524
vn 0.0846 0.9566 0.2790
vn 0.2779 -0.2890 0.9161
vn 0.1374 0.8810 0.4528
vn 0.2563 -0.4696 0.8448
vn 0.2563 -0.4696 0.8449
vn 0.0975 0.0975 0.9904
vn 0.0976 0.0976 0.9904
vn 0.0097 0.9951 0.0980
vn 0.0097 -0.9951 0.0980
vn 0.0975 -0.0975 0.9904
vn 0.0975 -0.0976 0.9904
vn 0.0976 -0.0975 0.9904
vn 0.0286 0.9566 0.2902
vn 0.0286 0.9565 0.2902
vn 0.0938 -0.2890 0.9527
vn 0.0464 0.8810 0.4709
vn 0.0865 -0.4696 0.8786
vn 0.0624 0.7715 0.6332
vn 0.0759 -0.6326 0.7708
vn 0.0759 0.6326 0.7708
vn 0.0624 -0.7715 0.6332
vn 0.0865 0.4696 0.8786
vn 0.0464 -0.8810 0.4709
vn 0.0938 0.2890 0.9527
vn 0.0286 -0.9566 0.2902
vn -0.0759 -0.6326 0.7708
vn -0.0759 0.6326 0.7708
vn -0.0624 -0.7715 0.6332
vn -0.0865 0.4696 0.8786
vn -0.0464 -0.8810 0.4709
vn -0.0938 0.2890 0.9527
vn -0.0286 -0.9566 0.2902
vn -0.0975 0.0975 0.9904
vn -0.0976 0.0975 0.9904
vn -0.0975 0.0976 0.9904
vn -0.0097 0.9951 0.0980
vn -0.0097 -0.9951 0.0980
vn -0.0975 -0.0975 0.9904
vn -0.0976 -0.0976 0.9904
vn -0.0286 0.9566 0.2902
vn -0.0938 -0.2890 0.9527
vn -0.0464 0.8810 0.4709
vn -0.0865 -0.4696 0.8786
vn -0.0624 0.7715 0.6332
vn -0.0286 0.9951 0.0942
vn -0.0286 -0.9951 0.0942
vn -0.2889 -0.0976 0.9524
vn -0.2889 -0.0975 0.9524
vn -0.0846 0.9566 0.2790
vn -0.2779 -0.2890 0.9161
vn -0.1374 0.8810 0.4528
vn -0.2563 -0.4696 0.8448
vn -0.1847 0.7715 0.6088
vn -0.2248 -0.6326 0.7412
vn -0.2248 0.6326 0.7412
vn -0.1847 -0.7715 0.6088
vn -0.2563 0.4696 0.8448
vn -0.1374 -0.8810 0.4528
vn -0.2779 0.2890 0.9161
vn -0.0846 -0.9566 0.2790
vn -0.0846 -0.9565 0.2790
vn -0.2889 0.0976 0.9524
vn -0.2889 0.0975 0.9524
vn -0.3651 0.6326 0.6831
vn -0.2999 -0.7715 0.5611
vn -0.4162 0.4696 0.7786
vn -0.2230 -0.8810 0.4173
vn -0.2231 -0.8810 0.4173
vn -0.4513 0.2890 0.8443
vn -0.1374 -0.9566 0.2571
vn -0.4691 0.0975 0.8777
vn -0.0464 0.9951 0.0869
vn -0.0464 -0.9951 0.0869
vn -0.4691 -0.0975 0.8777
vn -0.1374 0.9566 0.2571
vn -0.4513 -0.2890 0.8443
vn -0.2231 0.8810 0.4173
vn -0.2230 0.8810 0.4173
vn -0.4162 -0.4696 0.7786
vn -0.2999 0.7715 0.5611
vn -0.3651 -0.6326 0.6831
vn -0.6314 -0.0975 0.7693
vn -0.1850 0.9566 0.2254
vn -0.6073 -0.2890 0.7400
vn -0.3002 0.8810 0.3658
vn -0.5601 -0.4696 0.6825
vn -0.4036 0.7715 0.4918
vn -0.4913 -0.6326 0.5987
vn -0.4913 0.6326 0.5987
vn -0.4036 -0.7715 0.4918
vn -0.5601 0.4696 0.6825
vn -0.3002 -0.8810 0.3658
vn -0.6073 0.2890 0.7400
vn -0.1850 -0.9565 0.2254
vn -0.1850 -0.9566 0.2254
vn -0.6314 0.0975 0.7693
vn -0.0625 0.9951 0.0761
vn -0.0625 -0.9951 0.0761
vn -0.4918 -0.7715 0.4036
vn -0.6825 0.4696 0.5601
vn -0.3658 -0.8810 0.3002
vn -0.7400 0.2890 0.6073
vn -0.2254 -0.9566 0.1850
vn -0.7693 0.0975 0.6314
vn -0.0761 0.9951 0.0625
vn -0.0761 -0.9951 0.0625
vn -0.7693 -0.0975 0.6314
vn -0.2254 0.9566 0.1850
vn -0.7400 -0.2890 0.6073
vn -0.3658 0.8810 0.3002
vn -0.6825 -0.4696 0.5601
vn -0.4918 0.7715 0.4036
vn -0.5987 -0.6326 0.4913
vn -0.5987 0.6326 0.4913
vn -0.8443 -0.2890 0.4513
vn -0.4173 0.8810 0.2231
vn -0.7786 -0.4696 0.4162
vn -0.5611 0.7715 0.2999
vn -0.6831 -0.6326 0.3651
vn -0.6831 0.6326 0.3651
vn -0.5611 -0.7715 0.2999
vn -0.7786 0.4696 0.4162
vn -0.4173 -0.8810 0.2231
vn -0.4173 -0.8810 0.2230
vn -0.8443 0.2890 0.4513
vn -0.2571 -0.9566 0.1374
vn -0.8777 0.0975 0.4691
vn -0.8777 0.0975 0.4692
vn -0.0869 0.9951 0.0464
vn -0.0869 -0.9951 0.0464
vn -0.8777 -0.0975 0.4691
vn -0.8777 -0.0975 0.4692
vn -0.2571 0.9566 0.1374
vn -0.4528 -0.8810 0.1374
vn -0.9161 0.2890 0.2779
vn -0.2790 -0.9566 0.0846
vn -0.9524 0.0975 0.2889
vn -0.0942 0.9951 0.0286
vn -0.0942 -0.9951 0.0286
vn -0.9524 -0.0975 0.2889
vn -0.2790 0.9566 0.0846
vn -0.9161 -0.2890 0.2779
vn -0.4528 0.8810 0.1374
vn -0.8448 -0.4696 0.2563
vn -0.6088 0.7715 0.1847
vn -0.7412 -0.6326 0.2248
vn -0.7412 0.6326 0.2248
vn -0.6088 -0.7715 0.1847
vn -0.8448 0.4696 0.2563
vn -0.4709 0.8810 0.0464
vn -0.8786 -0.4696 0.0865
vn -0.6332 0.7715 0.0624
vn -0.7708 -0.6326 0.0759
vn -0.7708 0.6326 0.0759
vn -0.6332 -0.7715 0.0624
vn -0.8786 0.4696 0.0865
vn -0.4709 -0.8810 0.0464
vn -0.9527 0.2890 0.0938
vn -0.2902 -0.9566 0.0286
vn -0.9904 0.0975 0.0975
vn -0.9904 0.0976 0.0976
vn -0.0980 0.9951 0.0097
vn -0.0980 -0.9951 0.0097
vn -0.9904 -0.0975 0.0975
vn -0.9904 -0.0975 0.0976
vn -0.9904 -0.0976 0.0975
vn -0.2902 0.9566 0.0286
vn -0.9527 -0.2890 0.0938
vn -0.9527 0.2890 -0.0938
vn -0.2902 -0.9566 -0.0286
vn -0.9904 0.0975 -0.0975
vn -0.9904 0.0976 -0.0975
vn -0.9904 0.0975 -0.0976
vn -0.0980 0.9951 -0.0097
vn -0.0980 -0.9951 -0.0097
vn -0.9904 -0.0975 -0.0975
vn -0.9904 -0.0976 -0.0976
vn -0.2902 0.9566 -0.0286
vn -0.9527 -0.2890 -0.0938
vn -0.4709 0.8810 -0.0464
vn -0.8786 -0.4696 -0.0865
vn -0.6332 0.7715 -0.0624
vn -0.7708 -0.6326 -0.0759
vn -0.7708 0.6326 -0.0759
vn -0.6332 -0.7715 -0.0624
vn -0.8786 0.4696 -0.0865
vn -0.4709 -0.8810 -0.0464
vn -0.8448 -0.4696 -0.2563
vn -0.6088 0.7715 -0.1847
vn -0.7412 -0.6326 -0.2248
vn -0.7412 0.6326 -0.2248
vn -0.6088 -0.7715 -0.1847
vn -0.8448 0.4696 -0.2563
vn -0.4528 -0.8810 -0.1374
vn -0.9161 0.2890 -0.2779
vn -0.2790 -0.9566 -0.0846
vn -0.9524 0.0975 -0.2889
vn -0.9524 0.0976 -0.2889
vn -0.0942 0.9951 -0.0286
vn -0.0942 -0.9951 -0.0286
vn -0.9524 -0.0975 -0.2889
vn -0.9524 -0.0976 -0.2889
vn -0.2790 0.9566 -0.0846
vn -0.9161 -0.2890 -0.2779
vn -0.4528 0.8810 -0.1374
vn -0.2571 -0.9566 -0.1374
vn -0.8777 0.0975 -0.4691
vn -0.8777 0.0976 -0.4691
vn -0.8777 0.0975 -0.4692
vn -0.0869 0.9951 -0.0464
vn -0.0869 -0.9951 -0.0464
vn -0.8777 -0.0975 -0.4691
vn -0.8777 -0.0976 -0.4692
vn -0.2571 0.9566 -0.1374
vn -0.8443 -0.2890 -0.4513
vn -0.4173 0.8810 -0.2231
vn -0.4173 0.8810 -0.2230
vn -0.7786 -0.4696 -0.4162
vn -0.5611 0.7715 -0.2999
vn -0.6831 -0.6326 -0.3651
vn -0.6831 0.6326 -0.3651
vn -0.5611 -0.7715 -0.2999
vn -0.7786 0.4696 -0.4162
vn -0.4173 -0.8810 -0.2231
vn -0.8443 0.2890 -0.4513
vn -0.4918 0.7715 -0.4036
vn -0.5987 -0.6326 -0.4913
vn -0.5987 0.6326 -0.4913
vn -0.4918 -0.7715 -0.4036
vn -0.6825 0.4696 -0.5601
vn -0.3658 -0.8810 -0.3002
vn -0.7400 0.2890 -0.6073
vn -0.2254 -0.9566 -0.1850
vn -0.7693 0.0975 -0.6314
vn -0.0761 0.9951 -0.0625
vn -0.0761 -0.9951 -0.0625
vn -0.7693 -0.0975 -0.6314
vn -0.2254 0.9566 -0.1850
vn -0.2254 0.9565 -0.1850
vn -0.7400 -0.2890 -0.6073
vn -0.3658 0.8810 -0.3002
vn -0.6825 -0.4696 -0.5601
vn -0.6314 0.0975 -0.7693
vn -0.0625 0.9951 -0.0761
vn -0.0625 -0.9951 -0.0761
vn -0.6314 -0.0975 -0.7693
vn -0.1850 0.9566 -0.2254
vn -0.6073 -0.2890 -0.7400
vn -0.3002 0.8810 -0.3658
vn -0.5601 -0.4696 -0.6825
vn -0.4036 0.7715 -0.4918
vn -0.4913 -0.6326 -0.5987
vn -0.4913 0.6326 -0.5987
vn -0.4036 -0.7715 -0.4918
vn -0.5601 0.4696 -0.6825
vn -0.3002 -0.8810 -0.3658
vn -0.6073 0.2890 -0.7400
vn -0.1850 -0.9566 -0.2254
vn -0.3651 -0.6326 -0.6831
vn -0.3651 0.6326 -0.6831
vn -0.2999 -0.7715 -0.5611
vn -0.4162 0.4696 -0.7786
vn -0.2231 -0.8810 -0.4173
vn -0.4513 0.2890 -0.8443
vn -0.1374 -0.9566 -0.2571
vn -0.4691 0.0975 -0.8777
vn -0.0464 0.9951 -0.0869
vn -0.0464 -0.9951 -0.0869
vn -0.4691 -0.0975 -0.8777
vn -0.1374 0.9566 -0.2571
vn -0.4513 -0.2890 -0.8443
vn -0.2231 0.8810 -0.4173
vn -0.4162 -0.4696 -0.7786
vn -0.2999 0.7715 -0.5611
vn -0.0286 -0.9951 -0.0942
vn -0.2889 -0.0975 -0.9524
vn -0.0846 0.9566 -0.2790
vn -0.0846 0.9565 -0.2790
vn -0.2779 -0.2890 -0.9161
vn -0.1374 0.8810 -0.4528
vn -0.2563 -0.4696 -0.8448
vn -0.1847 0.7715 -0.6088
vn -0.2248 -0.6326 -0.7412
vn -0.2248 0.6326 -0.7412
vn -0.1847 -0.7715 -0.6088
vn -0.2563 0.4696 -0.8448
vn -0.1374 -0.8810 -0.4528
vn -0.2779 0.2890 -0.9161
vn -0.0846 -0.9566 -0.2790
vn -0.2889 0.0975 -0.9524
vn -0.0286 0.9951 -0.0942
vn -0.0624 -0.7715 -0.6332
vn -0.0865 0.4696 -0.8786
vn -0.0464 -0.8810 -0.4709
vn -0.0938 0.2890 -0.9527
vn -0.0286 -0.9566 -0.2902
vn -0.0976 0.0975 -0.9904
vn -0.0976 0.0976 -0.9904
vn -0.0097 0.9951 -0.0980
vn -0.0097 -0.9951 -0.0980
vn -0.0976 -0.0975 -0.9904
vn -0.0976 -0.0976 -0.9904
vn -0.0286 0.9566 -0.2902
vn -0.0938 -0.2890 -0.9527
vn -0.0464 0.8810 -0.4709
vn -0.0865 -0.4696 -0.8786
vn -0.0624 0.7715 -0.6332
vn -0.0759 -0.6326 -0.7708
vn -0.0759 0.6326 -0.7708
vt 0.750000 0.687500
vt 0.750000 0.750000
vt 0.718750 0.750000
vt 0.718750 0.687500
vt 0.750000 0.187500
vt 0.750000 0.250000
vt 0.718750 0.250000
vt 0.718750 0.187500
vt 0.750000 0.625000
vt 0.718750 0.625000
vt 0.750000 0.125000
vt 0.718750 0.125000
vt 0.750000 0.562500
vt 0.718750 0.562500
vt 0.750000 0.062500
vt 0.718750 0.062500
vt 0.750000 0.500000
vt 0.718750 0.500000
vt 0.750000 0.937500
vt 0.734375 1.000000
vt 0.718750 0.937500
vt 0.734375 0.000000
vt 0.750000 0.437500
vt 0.718750 0.437500
vt 0.750000 0.875000
vt 0.718750 0.875000
vt 0.750000 0.375000
vt 0.718750 0.375000
vt 0.750000 0.812500
vt 0.718750 0.812500
vt 0.750000 0.312500
vt 0.718750 0.312500
vt 0.687500 0.375000
vt 0.687500 0.312500
vt 0.687500 0.812500
vt 0.687500 0.750000
vt 0.687500 0.250000
vt 0.687500 0.687500
vt 0.687500 0.187500
vt 0.687500 0.625000
vt 0.687500 0.125000
vt 0.687500 0.562500
vt 0.687500 0.062500
vt 0.687500 0.500000
vt 0.703125 1.000000
vt 0.687500 0.937500
vt 0.703125 0.000000
vt 0.687500 0.437500
vt 0.687500 0.875000
vt 0.656250 0.125000
vt 0.656250 0.062500
vt 0.656250 0.562500
vt 0.656250 0.500000
vt 0.671875 1.000000
vt 0.656250 0.937500
vt 0.671875 0.000000
vt 0.656250 0.437500
vt 0.656250 0.875000
vt 0.656250 0.375000
vt 0.656250 0.812500
vt 0.656250 0.312500
vt 0.656250 0.750000
vt 0.656250 0.250000
vt 0.656250 0.687500
vt 0.656250 0.187500
vt 0.656250 0.625000
vt 0.625000 0.312500
vt 0.625000 0.250000
vt 0.625000 0.750000
vt 0.625000 0.687500
vt 0.625000 0.187500
vt 0.625000 0.625000
vt 0.625000 0.125000
vt 0.625000 0.562500
vt 0.625000 0.062500
vt 0.625000 0.500000
vt 0.640625 1.000000
vt 0.625000 0.937500
vt 0.640625 0.000000
vt 0.625000 0.437500
vt 0.625000 0.875000
vt 0.625000 0.375000
vt 0.625000 0.812500
vt 0.609375 1.000000
vt 0.593750 0.937500
vt 0.609375 0.000000
vt 0.593750 0.062500
vt 0.593750 0.500000
vt 0.593750 0.437500
vt 0.593750 0.875000
vt 0.593750 0.375000
vt 0.593750 0.812500
vt 0.593750 0.312500
vt 0.593750 0.750000
vt 0.593750 0.250000
vt 0.593750 0.687500
vt 0.593750 0.187500
vt 0.593750 0.625000
vt 0.593750 0.125000
vt 0.593750 0.562500
vt 0.562500 0.750000
vt 0.562500 0.687500
vt 0.562500 0.250000
vt 0.562500 0.187500
vt 0.562500 0.625000
vt 0.562500 0.125000
vt 0.562500 0.562500
vt 0.562500 0.062500
vt 0.562500 0.500000
vt 0.578125 1.000000
vt 0.562500 0.937500
vt 0.578125 0.000000
vt 0.562500 0.437500
vt 0.562500 0.875000
vt 0.562500 0.375000
vt 0.562500 0.812500
vt 0.562500 0.312500
vt 0.531250 0.500000
vt 0.531250 0.437500
vt 0.531250 0.937500
vt 0.531250 0.875000
vt 0.531250 0.375000
vt 0.531250 0.812500
vt 0.531250 0.312500
vt 0.531250 0.750000
vt 0.531250 0.250000
vt 0.531250 0.687500
vt 0.531250 0.187500
vt 0.531250 0.625000
vt 0.531250 0.125000
vt 0.531250 0.562500
vt 0.531250 0.062500
vt 0.546875 1.000000
vt 0.546875 0.000000
vt 0.500000 0.250000
vt 0.500000 0.187500
vt 0.500000 0.687500
vt 0.500000 0.625000
vt 0.500000 0.125000
vt 0.500000 0.562500
vt 0.500000 0.062500
vt 0.500000 0.500000
vt 0.515625 1.000000
vt 0.500000 0.937500
vt 0.515625 0.000000
vt 0.500000 0.437500
vt 0.500000 0.875000
vt 0.500000 0.375000
vt 0.500000 0.812500
vt 0.500000 0.312500
vt 0.500000 0.750000
vt 0.468750 0.937500
vt 0.468750 0.875000
vt 0.468750 0.437500
vt 0.468750 0.375000
vt 0.468750 0.812500
vt 0.468750 0.312500
vt 0.468750 0.750000
vt 0.468750 0.250000
vt 0.468750 0.687500
vt 0.468750 0.187500
vt 0.468750 0.625000
vt 0.468750 0.125000
vt 0.468750 0.562500
vt 0.468750 0.062500
vt 0.468750 0.500000
vt 0.484375 1.000000
vt 0.484375 0.000000
vt 0.437500 0.687500
vt 0.437500 0.625000
vt 0.437500 0.187500
vt 0.437500 0.125000
vt 0.437500 0.562500
vt 0.437500 0.062500
vt 0.437500 0.500000
vt 0.453125 1.000000
vt 0.437500 0.937500
vt 0.453125 0.000000
vt 0.437500 0.437500
vt 0.437500 0.875000
vt 0.437500 0.375000
vt 0.437500 0.812500
vt 0.437500 0.312500
vt 0.437500 0.750000
vt 0.437500 0.250000
vt 0.406250 0.437500
vt 0.406250 0.375000
vt 0.406250 0.875000
vt 0.406250 0.812500
vt 0.406250 0.312500
vt 0.406250 0.750000
vt 0.406250 0.250000
vt 0.406250 0.687500
vt 0.406250 0.187500
vt 0.406250 0.625000
vt 0.406250 0.125000
vt 0.406250 0.562500
vt 0.406250 0.062500
vt 0.406250 0.500000
vt 0.421875 1.000000
vt 0.406250 0.937500
vt 0.421875 0.000000
vt 0.375000 0.187500
vt 0.375000 0.125000
vt 0.375000 0.625000
vt 0.375000 0.562500
vt 0.375000 0.062500
vt 0.375000 0.500000
vt 0.390625 1.000000
vt 0.375000 0.937500
vt 0.390625 0.000000
vt 0.375000 0.437500
vt 0.375000 0.875000
vt 0.375000 0.375000
vt 0.375000 0.812500
vt 0.375000 0.312500
vt 0.375000 0.750000
vt 0.375000 0.250000
vt 0.375000 0.687500
vt 0.343750 0.375000
vt 0.343750 0.312500
vt 0.343750 0.812500
vt 0.343750 0.750000
vt 0.343750 0.250000
vt 0.343750 0.687500
vt 0.343750 0.187500
vt 0.343750 0.625000
vt 0.343750 0.125000
vt 0.343750 0.562500
vt 0.343750 0.062500
vt 0.343750 0.500000
vt 0.359375 1.000000
vt 0.343750 0.937500
vt 0.359375 0.000000
vt 0.343750 0.437500
vt 0.343750 0.875000
vt 0.312500 0.125000
vt 0.312500 0.062500
vt 0.312500 0.562500
vt 0.312500 0.500000
vt 0.328125 1.000000
vt 0.312500 0.937500
vt 0.328125 0.000000
vt 0.312500 0.437500
vt 0.312500 0.875000
vt 0.312500 0.375000
vt 0.312500 0.812500
vt 0.312500 0.312500
vt 0.312500 0.750000
vt 0.312500 0.250000
vt 0.312500 0.687500
vt 0.312500 0.187500
vt 0.312500 0.625000
vt 0.281250 0.812500
vt 0.281250 0.750000
vt 0.281250 0.312500
vt 0.281250 0.250000
vt 0.281250 0.687500
vt 0.281250 0.187500
vt 0.281250 0.625000
vt 0.281250 0.125000
vt 0.281250 0.562500
vt 0.281250 0.062500
vt 0.281250 0.500000
vt 0.296875 1.000000
vt 0.281250 0.937500
vt 0.296875 0.000000
vt 0.281250 0.437500
vt 0.281250 0.875000
vt 0.281250 0.375000
vt 0.250000 0.562500
vt 0.250000 0.500000
vt 0.265625 1.000000
vt 0.250000 0.937500
vt 0.265625 0.000000
vt 0.250000 0.062500
vt 0.250000 0.437500
vt 0.250000 0.875000
vt 0.250000 0.375000
vt 0.250000 0.812500
vt 0.250000 0.312500
vt 0.250000 0.750000
vt 0.250000 0.250000
vt 0.250000 0.687500
vt 0.250000 0.187500
vt 0.250000 0.625000
vt 0.250000 0.125000
vt 0.218750 0.312500
vt 0.218750 0.250000
vt 0.218750 0.750000
vt 0.218750 0.687500
vt 0.218750 0.187500
vt 0.218750 0.625000
vt 0.218750 0.125000
vt 0.218750 0.562500
vt 0.218750 0.062500
vt 0.218750 0.500000
vt 0.234375 1.000000
vt 0.218750 0.937500
vt 0.234375 0.000000
vt 0.218750 0.437500
vt 0.218750 0.875000
vt 0.218750 0.375000
vt 0.218750 0.812500
vt 0.203125 1.000000
vt 0.187500 0.937500
vt 0.203125 0.000000
vt 0.187500 0.062500
vt 0.187500 0.500000
vt 0.187500 0.437500
vt 0.187500 0.875000
vt 0.187500 0.375000
vt 0.187500 0.812500
vt 0.187500 0.312500
vt 0.187500 0.750000
vt 0.187500 0.250000
vt 0.187500 0.687500
vt 0.187500 0.187500
vt 0.187500 0.625000
vt 0.187500 0.125000
vt 0.187500 0.562500
vt 0.156250 0.750000
vt 0.156250 0.687500
vt 0.156250 0.250000
vt 0.156250 0.187500
vt 0.156250 0.625000
vt 0.156250 0.125000
vt 0.156250 0.562500
vt 0.156250 0.062500
vt 0.156250 0.500000
vt 0.171875 1.000000
vt 0.156250 0.937500
vt 0.171875 0.000000
vt 0.156250 0.437500
vt 0.156250 0.875000
vt 0.156250 0.375000
vt 0.156250 0.812500
vt 0.156250 0.312500
vt 0.125000 0.500000
vt 0.125000 0.437500
vt 0.125000 0.937500
vt 0.125000 0.875000
vt 0.125000 0.375000
vt 0.125000 0.812500
vt 0.125000 0.312500
vt 0.125000 0.750000
vt 0.125000 0.250000
vt 0.125000 0.687500
vt 0.125000 0.187500
vt 0.125000 0.625000
vt 0.125000 0.125000
vt 0.125000 0.562500
vt 0.125000 0.062500
vt 0.140625 1.000000
vt 0.140625 0.000000
vt 0.093750 0.250000
vt 0.093750 0.187500
vt 0.093750 0.687500
vt 0.093750 0.625000
vt 0.093750 0.125000
vt 0.093750 0.562500
vt 0.093750 0.062500
vt 0.093750 0.500000
vt 0.109375 1.000000
vt 0.093750 0.937500
vt 0.109375 0.000000
vt 0.093750 0.437500
vt 0.093750 0.875000
vt 0.093750 0.375000
vt 0.093750 0.812500
vt 0.093750 0.312500
vt 0.093750 0.750000
vt 0.062500 0.437500
vt 0.062500 0.375000
vt 0.062500 0.875000
vt 0.062500 0.812500
vt 0.062500 0.312500
vt 0.062500 0.750000
vt 0.062500 0.250000
vt 0.062500 0.687500
vt 0.062500 0.187500
vt 0.062500 0.625000
vt 0.062500 0.125000
vt 0.062500 0.562500
vt 0.062500 0.062500
vt 0.062500 0.500000
vt 0.078125 1.000000
vt 0.062500 0.937500
vt 0.078125 0.000000
vt 0.031250 0.187500
vt 0.031250 0.125000
vt 0.031250 0.625000
vt 0.031250 0.562500
vt 0.031250 0.062500
vt 0.031250 0.500000
vt 0.046875 1.000000
vt 0.031250 0.937500
vt 0.046875 0.000000
vt 0.031250 0.437500
vt 0.031250 0.875000
vt 0.031250 0.375000
vt 0.031250 0.812500
vt 0.031250 0.312500
vt 0.031250 0.750000
vt 0.031250 0.250000
vt 0.031250 0.687500
vt 0.000000 0.875000
vt 0.000000 0.812500
vt 0.000000 0.375000
vt 0.000000 0.312500
vt 0.000000 0.750000
vt 0.000000 0.250000
vt 0.000000 0.687500
vt 0.000000 0.187500
vt 0.000000 0.625000
vt 0.000000 0.125000
vt 0.000000 0.562500
vt 0.000000 0.062500
vt 0.000000 0.500000
vt 0.015625 1.000000
vt 0.000000 0.937500
vt 0.015625 0.000000
vt 0.000000 0.437500
vt 1.000000 0.562500
vt 1.000000 0.625000
vt 0.968750 0.625000
vt 0.968750 0.562500
vt 1.000000 0.062500
vt 1.000000 0.125000
vt 0.968750 0.125000
vt 0.968750 0.062500
vt 1.000000 0.500000
vt 0.968750 0.500000
vt 1.000000 0.937500
vt 0.984375 1.000000
vt 0.968750 0.937500
vt 0.984375 0.000000
vt 1.000000 0.437500
vt 0.968750 0.437500
vt 1.000000 0.875000
vt 0.968750 0.875000
vt 1.000000 0.375000
vt 0.968750 0.375000
vt 1.000000 0.812500
vt 0.968750 0.812500
vt 1.000000 0.312500
vt 0.968750 0.312500
vt 1.000000 0.750000
vt 0.968750 0.750000
vt 1.000000 0.250000
vt 0.968750 0.250000
vt 1.000000 0.687500
vt 0.968750 0.687500
vt 1.000000 0.187500
vt 0.968750 0.187500
vt 0.937500 0.375000
vt 0.937500 0.312500
vt 0.937500 0.812500
vt 0.937500 0.750000
vt 0.937500 0.250000
vt 0.937500 0.687500
vt 0.937500 0.187500
vt 0.937500 0.625000
vt 0.937500 0.125000
vt 0.937500 0.562500
vt 0.937500 0.062500
vt 0.937500 0.500000
vt 0.953125 1.000000
vt 0.937500 0.937500
vt 0.953125 0.000000
vt 0.937500 0.437500
vt 0.937500 0.875000
vt 0.906250 0.125000
vt 0.906250 0.062500
vt 0.906250 0.562500
vt 0.906250 0.500000
vt 0.921875 1.000000
vt 0.906250 0.937500
vt 0.921875 0.000000
vt 0.906250 0.437500
vt 0.906250 0.875000
vt 0.906250 0.375000
vt 0.906250 0.812500
vt 0.906250 0.312500
vt 0.906250 0.750000
vt 0.906250 0.250000
vt 0.906250 0.687500
vt 0.906250 0.187500
vt 0.906250 0.625000
vt 0.875000 0.812500
vt 0.875000 0.750000
vt 0.875000 0.312500
vt 0.875000 0.250000
vt 0.875000 0.687500
vt 0.875000 0.187500
vt 0.875000 0.625000
vt 0.875000 0.125000
vt 0.875000 0.562500
vt 0.875000 0.062500
vt 0.875000 0.500000
vt 0.890625 1.000000
vt 0.875000 0.937500
vt 0.890625 0.000000
vt 0.875000 0.437500
vt 0.875000 0.875000
vt 0.875000 0.375000
vt 0.843750 0.562500
vt 0.843750 0.500000
vt 0.859375 1.000000
vt 0.843750 0.937500
vt 0.859375 0.000000
vt 0.843750 0.062500
vt 0.843750 0.437500
vt 0.843750 0.875000
vt 0.843750 0.375000
vt 0.843750 0.812500
vt 0.843750 0.312500
vt 0.843750 0.750000
vt 0.843750 0.250000
vt 0.843750 0.687500
vt 0.843750 0.187500
vt 0.843750 0.625000
vt 0.843750 0.125000
vt 0.812500 0.312500
vt 0.812500 0.250000
vt 0.812500 0.750000
vt 0.812500 0.687500
vt 0.812500 0.187500
vt 0.812500 0.625000
vt 0.812500 0.125000
vt 0.812500 0.562500
vt 0.812500 0.062500
vt 0.812500 0.500000
vt 0.828125 1.000000
vt 0.812500 0.937500
vt 0.828125 0.000000
vt 0.812500 0.437500
vt 0.812500 0.875000
vt 0.812500 0.375000
vt 0.812500 0.812500
vt 0.796875 0.000000
vt 0.781250 0.062500
vt 0.781250 0.500000
vt 0.781250 0.437500
vt 0.781250 0.937500
vt 0.781250 0.875000
vt 0.781250 0.375000
vt 0.781250 0.812500
vt 0.781250 0.312500
vt 0.781250 0.750000
vt 0.781250 0.250000
vt 0.781250 0.687500
vt 0.781250 0.187500
vt 0.781250 0.625000
vt 0.781250 0.125000
vt 0.781250 0.562500
vt 0.796875 1.000000
vt 0.765625 1.000000
vt 0.765625 0.000000
s 1
usemtl Материал.003
f 7/1/1 1960/2/1 38/3/1
f 7/1/1 38/3/1 41/4/1
f 1976/5/2 1971/6/2 69/7/2
f 1976/5/2 69/7/2 74/8/2
f 1963/9/3 8/1/3 42/4/3
f 1963/9/3 42/4/3 45/10/3
f 1980/11/4 1975/5/4 73/8/4
f 1980/11/4 73/8/4 78/12/4
f 11/13/5 1964/9/5 46/10/5
f 11/13/5 46/10/5 49/14/5
f 1984/15/6 1979/11/6 77/12/6
f 1984/15/6 77/12/6 83/16/7
f 16/17/8 12/13/9 50/14/8
f 16/17/8 50/14/8 54/18/10
f 1951/19/11 348/20/11 25/21/11
f 1280/22/12 1983/15/12 81/16/12
f 20/23/13 15/17/14 53/18/13
f 20/23/13 53/18/13 58/24/13
f 1955/25/15 1952/19/15 26/21/15
f 1955/25/15 26/21/15 29/26/15
f 1968/27/16 19/23/16 57/24/16
f 1968/27/16 57/24/16 62/28/16
f 3/29/17 1956/25/17 30/26/17
f 3/29/17 30/26/17 33/30/17
f 24/31/18 1967/27/18 61/28/18
f 24/31/18 61/28/18 66/32/18
f 1959/2/19 4/29/19 34/30/19
f 1959/2/19 34/30/19 37/3/19
f 1972/6/20 23/31/20 65/32/20
f 1972/6/20 65/32/20 70/7/20
f 68/32/21 63/28/21 121/33/21
f 68/32/21 121/33/21 126/34/22
f 39/3/23 36/30/23 94/35/23
f 39/3/23 94/35/23 97/36/23
f 72/7/24 67/32/24 125/34/24
f 72/7/24 125/34/24 130/37/24
f 43/4/25 40/3/25 98/36/25
f 43/4/25 98/36/25 101/38/25
f 76/8/26 71/7/26 129/37/26
f 76/8/26 129/37/26 134/39/26
f 47/10/27 44/4/27 102/38/27
f 47/10/27 102/38/27 105/40/28
f 80/12/29 75/8/29 133/39/29
f 80/12/29 133/39/29 139/41/29
f 51/14/30 48/10/30 106/40/30
f 51/14/30 106/40/30 109/42/30
f 84/16/31 79/12/32 137/41/32
f 84/16/31 137/41/32 143/43/31
f 56/18/33 52/14/33 110/42/33
f 56/18/33 110/42/33 114/44/33
f 27/21/34 347/45/34 85/46/34
f 1279/47/35 82/16/35 141/43/35
f 60/24/36 55/18/36 113/44/36
f 60/24/36 113/44/36 118/48/36
f 31/26/37 28/21/37 87/46/37
f 31/26/37 87/46/37 89/49/37
f 64/28/38 59/24/38 117/48/38
f 64/28/38 117/48/38 122/33/38
f 35/30/39 32/26/39 90/49/39
f 35/30/39 90/49/39 93/35/39
f 144/43/40 138/41/40 197/50/40
f 144/43/40 197/50/40 203/51/40
f 116/44/41 112/42/42 170/52/41
f 116/44/41 170/52/41 174/53/41
f 86/46/43 346/54/43 145/55/43
f 1278/56/44 142/43/44 201/51/44
f 120/48/45 115/44/46 173/53/45
f 120/48/45 173/53/45 178/57/45
f 91/49/47 88/46/47 147/55/47
f 91/49/47 147/55/47 149/58/47
f 124/33/48 119/48/48 177/57/48
f 124/33/48 177/57/48 182/59/48
f 95/35/49 92/49/49 151/58/49
f 95/35/49 151/58/49 153/60/49
f 128/34/50 123/33/50 181/59/50
f 128/34/50 181/59/50 186/61/50
f 99/36/51 96/35/51 154/60/51
f 99/36/51 154/60/51 157/62/51
f 132/37/52 127/34/52 185/61/52
f 132/37/52 185/61/52 190/63/52
f 103/38/53 100/36/53 158/62/53
f 103/38/53 158/62/53 161/64/53
f 136/39/54 131/37/54 189/63/54
f 136/39/54 189/63/54 194/65/54
f 107/40/55 104/38/55 162/64/55
f 107/40/55 162/64/55 165/66/55
f 140/41/56 135/39/56 193/65/56
f 140/41/56 193/65/56 199/50/56
f 111/42/57 108/40/57 166/66/57
f 111/42/57 166/66/57 169/52/57
f 192/63/58 187/61/58 245/67/58
f 192/63/58 245/67/58 250/68/58
f 163/64/59 160/62/59 218/69/59
f 163/64/59 218/69/59 221/70/59
f 196/65/60 191/63/60 249/68/60
f 196/65/60 249/68/60 255/71/60
f 167/66/61 164/64/61 222/70/61
f 167/66/61 222/70/61 225/72/61
f 200/50/62 195/65/62 253/71/62
f 200/50/62 253/71/62 259/73/62
f 171/52/63 168/66/63 226/72/63
f 171/52/63 226/72/63 229/74/63
f 204/51/64 198/50/65 257/73/65
f 204/51/64 257/73/65 263/75/64
f 176/53/66 172/52/66 230/74/66
f 176/53/66 230/74/66 234/76/66
f 146/55/67 345/77/67 205/78/67
f 1277/79/68 202/51/68 261/75/68
f 180/57/69 175/53/69 233/76/69
f 180/57/69 233/76/69 238/80/69
f 150/58/70 148/55/70 207/78/70
f 150/58/70 207/78/70 209/81/70
f 184/59/71 179/57/71 237/80/71
f 184/59/71 237/80/71 242/82/71
f 155/60/72 152/58/72 211/81/72
f 155/60/72 211/81/72 213/83/72
f 188/61/73 183/59/73 241/82/73
f 188/61/73 241/82/73 246/67/73
f 159/62/74 156/60/74 215/83/74
f 159/62/74 215/83/74 217/69/74
f 206/78/75 344/84/75 265/85/75
f 1276/86/76 262/75/76 321/87/76
f 240/80/77 235/76/78 293/88/77
f 240/80/77 293/88/77 298/89/77
f 210/81/79 208/78/80 267/85/79
f 210/81/79 267/85/79 269/90/79
f 244/82/81 239/80/81 297/89/81
f 244/82/81 297/89/81 302/91/81
f 214/83/82 212/81/82 271/90/82
f 214/83/82 271/90/82 273/92/82
f 248/67/83 243/82/83 301/91/83
f 248/67/83 301/91/83 306/93/83
f 219/69/84 216/83/84 275/92/84
f 219/69/84 275/92/84 277/94/84
f 252/68/85 247/67/85 305/93/85
f 252/68/85 305/93/85 311/95/85
f 223/70/86 220/69/86 279/94/86
f 223/70/86 279/94/86 281/96/86
f 256/71/87 251/68/87 309/95/87
f 256/71/87 309/95/87 315/97/87
f 227/72/88 224/70/88 282/96/88
f 227/72/88 282/96/88 285/98/88
f 260/73/89 254/71/89 313/97/89
f 260/73/89 313/97/89 319/99/89
f 231/74/90 228/72/90 286/98/90
f 231/74/90 286/98/90 289/100/90
f 264/75/91 258/73/91 317/99/91
f 264/75/91 317/99/91 323/87/91
f 236/76/92 232/74/93 290/100/92
f 236/76/92 290/100/92 294/88/92
f 283/96/94 280/94/94 371/101/94
f 283/96/94 371/101/94 373/102/94
f 316/97/95 310/95/95 401/103/95
f 316/97/95 401/103/95 407/104/95
f 287/98/96 284/96/96 375/102/96
f 287/98/96 375/102/96 377/105/96
f 320/99/97 314/97/98 405/104/97
f 320/99/97 405/104/97 411/106/97
f 291/100/99 288/98/99 378/105/99
f 291/100/99 378/105/99 381/107/99
f 324/87/100 318/99/100 409/106/100
f 324/87/100 409/106/100 415/108/100
f 296/88/101 292/100/101 382/107/101
f 296/88/101 382/107/101 386/109/101
f 266/85/102 343/110/102 357/111/102
f 1275/112/103 322/87/103 413/108/103
f 300/89/104 295/88/104 385/109/104
f 300/89/104 385/109/104 390/113/104
f 270/90/105 268/85/105 359/111/105
f 270/90/105 359/111/105 361/114/105
f 304/91/106 299/89/106 389/113/106
f 304/91/106 389/113/106 394/115/106
f 274/92/107 272/90/107 363/114/107
f 274/92/107 363/114/107 365/116/108
f 308/93/109 303/91/109 393/115/109
f 308/93/109 393/115/109 399/117/109
f 278/94/110 276/92/110 367/116/110
f 278/94/110 367/116/110 369/101/110
f 312/95/111 307/93/111 397/117/111
f 312/95/111 397/117/111 403/103/111
f 392/113/112 387/109/113 445/118/112
f 392/113/112 445/118/112 450/119/112
f 362/114/114 360/111/114 419/120/114
f 362/114/114 419/120/114 421/121/114
f 396/115/115 391/113/115 449/119/115
f 396/115/115 449/119/115 455/122/115
f 366/116/116 364/114/116 423/121/116
f 366/116/116 423/121/116 425/123/116
f 400/117/117 395/115/117 453/122/117
f 400/117/117 453/122/117 459/124/117
f 370/101/118 368/116/118 427/123/118
f 370/101/118 427/123/118 429/125/118
f 404/103/119 398/117/119 457/124/119
f 404/103/119 457/124/119 463/126/119
f 374/102/120 372/101/120 431/125/120
f 374/102/120 431/125/120 433/127/120
f 408/104/121 402/103/121 461/126/121
f 408/104/121 461/126/121 467/128/121
f 379/105/122 376/102/122 435/127/122
f 379/105/122 435/127/122 437/129/122
f 412/106/123 406/104/123 465/128/123
f 412/106/123 465/128/123 471/130/123
f 383/107/124 380/105/124 439/129/124
f 383/107/124 439/129/124 441/131/124
f 416/108/125 410/106/125 469/130/125
f 416/108/125 469/130/125 475/132/125
f 388/109/126 384/107/127 442/131/126
f 388/109/126 442/131/126 446/118/126
f 358/111/128 342/133/128 417/120/128
f 1274/134/129 414/108/129 473/132/129
f 468/128/130 462/126/130 521/135/130
f 468/128/130 521/135/130 527/136/130
f 438/129/131 436/127/131 495/137/131
f 438/129/131 495/137/131 497/138/131
f 472/130/132 466/128/132 525/136/132
f 472/130/132 525/136/132 531/139/132
f 443/131/133 440/129/133 499/138/133
f 443/131/133 499/138/133 501/140/133
f 476/132/134 470/130/134 529/139/134
f 476/132/134 529/139/134 535/141/134
f 448/118/135 444/131/136 503/140/135
f 448/118/135 503/140/135 507/142/135
f 418/120/137 341/143/137 477/144/137
f 1273/145/138 474/132/138 533/141/138
f 452/119/139 447/118/140 505/142/139
f 452/119/139 505/142/139 511/146/141
f 422/121/142 420/120/142 479/144/142
f 422/121/142 479/144/142 481/147/142
f 456/122/143 451/119/143 509/146/143
f 456/122/143 509/146/143 515/148/143
f 426/123/144 424/121/144 483/147/144
f 426/123/144 483/147/144 485/149/144
f 460/124/145 454/122/145 513/148/145
f 460/124/145 513/148/145 519/150/145
f 430/125/146 428/123/146 487/149/146
f 430/125/146 487/149/146 489/151/146
f 464/126/147 458/124/147 517/150/147
f 464/126/147 517/150/147 523/135/147
f 434/127/148 432/125/148 491/151/148
f 434/127/148 491/151/148 493/137/148
f 482/147/149 480/144/149 540/152/149
f 482/147/149 540/152/149 542/153/149
f 516/148/150 510/146/150 571/154/150
f 516/148/150 571/154/150 576/155/150
f 486/149/151 484/147/151 544/153/151
f 486/149/151 544/153/151 546/156/151
f 520/150/152 514/148/152 574/155/152
f 520/150/152 574/155/152 580/157/152
f 490/151/153 488/149/153 548/156/153
f 490/151/153 548/156/153 550/158/153
f 524/135/154 518/150/154 578/157/154
f 524/135/154 578/157/154 584/159/154
f 494/137/155 492/151/155 552/158/155
f 494/137/155 552/158/155 554/160/155
f 528/136/156 522/135/156 582/159/156
f 528/136/156 582/159/156 588/161/156
f 498/138/157 496/137/157 556/160/157
f 498/138/157 556/160/157 558/162/157
f 532/139/158 526/136/158 586/161/158
f 532/139/158 586/161/158 592/163/158
f 502/140/159 500/138/159 560/162/159
f 502/140/159 560/162/159 563/164/159
f 536/141/160 530/139/160 590/163/160
f 536/141/160 590/163/160 596/165/160
f 508/142/161 504/140/161 564/164/161
f 508/142/161 564/164/161 568/166/161
f 478/144/162 340/167/162 538/152/162
f 1272/168/163 534/141/163 594/165/163
f 512/146/164 506/142/164 567/166/164
f 512/146/164 567/166/164 572/154/164
f 557/162/165 555/160/165 616/169/165
f 557/162/165 616/169/165 619/170/165
f 591/163/166 585/161/166 646/171/166
f 591/163/166 646/171/166 652/172/166
f 561/164/167 559/162/167 620/170/167
f 561/164/167 620/170/167 623/173/167
f 595/165/168 589/163/168 650/172/168
f 595/165/168 650/172/168 656/174/168
f 566/166/169 562/164/169 624/173/169
f 566/166/169 624/173/169 628/175/169
f 537/152/170 339/176/170 598/177/170
f 1271/178/171 593/165/171 654/174/171
f 570/154/172 565/166/172 627/175/172
f 570/154/172 627/175/172 632/179/172
f 541/153/173 539/152/173 600/177/173
f 541/153/173 600/177/173 602/180/173
f 575/155/174 569/154/174 631/179/174
f 575/155/174 631/179/174 636/181/174
f 545/156/175 543/153/175 604/180/175
f 545/156/175 604/180/175 606/182/175
f 579/157/176 573/155/176 635/181/176
f 579/157/176 635/181/176 640/183/176
f 549/158/177 547/156/177 608/182/177
f 549/158/177 608/182/177 610/184/177
f 583/159/178 577/157/178 638/183/178
f 583/159/178 638/183/178 644/185/178
f 553/160/179 551/158/179 612/184/179
f 553/160/179 612/184/179 614/169/179
f 587/161/180 581/159/180 642/185/180
f 587/161/180 642/185/180 648/171/180
f 634/181/181 629/179/181 691/186/181
f 634/181/181 691/186/181 696/187/181
f 605/182/182 603/180/182 664/188/182
f 605/182/182 664/188/182 666/189/182
f 639/183/183 633/181/183 695/187/183
f 639/183/183 695/187/183 700/190/183
f 609/184/184 607/182/184 668/189/184
f 609/184/184 668/189/184 670/191/184
f 643/185/185 637/183/185 699/190/185
f 643/185/185 699/190/185 704/192/185
f 613/169/186 611/184/186 672/191/186
f 613/169/186 672/191/186 675/193/186
f 647/171/187 641/185/187 702/192/187
f 647/171/187 702/192/187 708/194/187
f 617/170/188 615/169/188 676/193/188
f 617/170/188 676/193/188 679/195/188
f 651/172/189 645/171/189 706/194/189
f 651/172/189 706/194/189 712/196/189
f 621/173/190 618/170/190 680/195/190
f 621/173/190 680/195/190 683/197/190
f 655/174/191 649/172/191 710/196/191
f 655/174/191 710/196/191 716/198/191
f 626/175/192 622/173/193 684/197/192
f 626/175/192 684/197/192 688/199/192
f 597/177/194 338/200/194 658/201/194
f 1270/202/195 653/174/195 714/198/195
f 630/179/196 625/175/197 687/199/196
f 630/179/196 687/199/196 692/186/198
f 601/180/199 599/177/199 660/201/199
f 601/180/199 660/201/199 662/188/199
f 711/196/200 705/194/200 766/203/200
f 711/196/200 766/203/200 772/204/200
f 681/197/201 678/195/201 740/205/201
f 681/197/201 740/205/201 743/206/201
f 715/198/202 709/196/202 770/204/202
f 715/198/202 770/204/202 776/207/202
f 686/199/203 682/197/203 744/206/203
f 686/199/203 744/206/203 748/208/203
f 657/201/204 337/209/204 718/210/204
f 1269/211/205 713/198/205 774/207/205
f 690/186/206 685/199/206 747/208/206
f 690/186/206 747/208/206 752/212/206
f 661/188/207 659/201/207 720/210/207
f 661/188/207 720/210/207 722/213/207
f 694/187/208 689/186/208 751/212/208
f 694/187/208 751/212/208 756/214/208
f 665/189/209 663/188/209 724/213/209
f 665/189/209 724/213/209 726/215/209
f 698/190/210 693/187/210 755/214/210
f 698/190/210 755/214/210 760/216/210
f 669/191/211 667/189/211 728/215/211
f 669/191/211 728/215/211 731/217/211
f 703/192/212 697/190/212 759/216/212
f 703/192/212 759/216/212 764/218/212
f 673/193/213 671/191/213 732/217/213
f 673/193/213 732/217/213 735/219/213
f 707/194/214 701/192/214 763/218/214
f 707/194/214 763/218/214 768/203/214
f 677/195/215 674/193/215 736/219/215
f 677/195/215 736/219/215 739/205/215
f 758/216/216 753/214/216 815/220/216
f 758/216/216 815/220/216 820/221/216
f 729/217/217 727/215/217 788/222/217
f 729/217/217 788/222/217 791/223/217
f 762/218/218 757/216/218 819/221/218
f 762/218/218 819/221/218 824/224/218
f 733/219/219 730/217/219 792/223/219
f 733/219/219 792/223/219 795/225/219
f 767/203/220 761/218/220 823/224/220
f 767/203/220 823/224/220 828/226/220
f 737/205/221 734/219/221 796/225/221
f 737/205/221 796/225/221 799/227/221
f 771/204/222 765/203/222 827/226/222
f 771/204/222 827/226/222 832/228/222
f 741/206/223 738/205/223 800/227/223
f 741/206/223 800/227/223 803/229/223
f 775/207/224 769/204/224 830/228/224
f 775/207/224 830/228/224 836/230/224
f 746/208/225 742/206/226 804/229/225
f 746/208/225 804/229/225 808/231/225
f 717/210/227 336/232/227 778/233/227
f 1268/234/228 773/207/228 834/230/228
f 750/212/229 745/208/230 807/231/229
f 750/212/229 807/231/229 812/235/229
f 721/213/231 719/210/232 780/233/232
f 721/213/231 780/233/232 782/236/231
f 754/214/233 749/212/233 811/235/233
f 754/214/233 811/235/233 816/220/233
f 725/215/234 723/213/234 784/236/234
f 725/215/234 784/236/234 787/222/234
f 835/230/235 829/228/235 890/237/235
f 835/230/235 890/237/235 896/238/235
f 806/231/236 802/229/236 864/239/236
f 806/231/236 864/239/236 868/240/236
f 777/233/237 335/241/237 838/242/237
f 1267/243/238 833/230/238 894/238/238
f 810/235/239 805/231/239 867/240/239
f 810/235/239 867/240/239 872/244/239
f 781/236/240 779/233/240 840/242/240
f 781/236/240 840/242/240 843/245/240
f 814/220/241 809/235/241 871/244/241
f 814/220/241 871/244/241 876/246/241
f 785/222/242 783/236/242 844/245/242
f 785/222/242 844/245/242 847/247/242
f 818/221/243 813/220/243 875/246/243
f 818/221/243 875/246/243 880/248/243
f 789/223/244 786/222/244 848/247/244
f 789/223/244 848/247/244 851/249/244
f 822/224/245 817/221/245 879/248/245
f 822/224/245 879/248/245 884/250/245
f 793/225/246 790/223/246 852/249/246
f 793/225/246 852/249/246 855/251/246
f 826/226/247 821/224/247 883/250/247
f 826/226/247 883/250/247 888/252/247
f 797/227/248 794/225/248 856/251/248
f 797/227/248 856/251/248 859/253/248
f 831/228/249 825/226/249 887/252/249
f 831/228/249 887/252/249 892/237/249
f 801/229/250 798/227/250 860/253/250
f 801/229/250 860/253/250 863/239/250
f 849/249/251 846/247/251 908/254/251
f 849/249/251 908/254/251 911/255/251
f 882/250/252 877/248/252 939/256/252
f 882/250/252 939/256/252 944/257/252
f 853/251/253 850/249/253 912/255/253
f 853/251/253 912/255/253 915/258/253
f 886/252/254 881/250/254 943/257/254
f 886/252/254 943/257/254 948/259/254
f 857/253/255 854/251/256 916/258/255
f 857/253/255 916/258/255 919/260/255
f 891/237/257 885/252/257 947/259/257
f 891/237/257 947/259/257 952/261/257
f 861/239/258 858/253/258 920/260/258
f 861/239/258 920/260/258 923/262/258
f 895/238/259 889/237/259 951/261/259
f 895/238/259 951/261/259 956/263/259
f 866/240/260 862/239/261 924/262/260
f 866/240/260 924/262/260 928/264/260
f 837/242/262 334/265/262 899/266/262
f 1266/267/263 893/238/263 954/263/263
f 870/244/264 865/240/265 927/264/264
f 870/244/264 927/264/264 932/268/264
f 841/245/266 839/242/266 900/266/266
f 841/245/266 900/266/266 903/269/266
f 874/246/267 869/244/267 931/268/267
f 874/246/267 931/268/267 936/270/267
f 845/247/268 842/245/268 904/269/268
f 845/247/268 904/269/268 907/254/268
f 878/248/269 873/246/270 935/270/270
f 878/248/269 935/270/270 940/256/269
f 926/264/271 922/262/272 984/271/271
f 926/264/271 984/271/271 988/272/271
f 897/266/273 333/273/273 959/274/273
f 1265/275/274 953/263/274 1015/276/274
f 930/268/275 925/264/276 987/272/275
f 930/268/275 987/272/275 992/277/277
f 901/269/278 898/266/279 960/274/279
f 901/269/278 960/274/279 963/278/278
f 934/270/280 929/268/280 991/277/280
f 934/270/280 991/277/280 996/279/280
f 905/254/281 902/269/281 964/278/281
f 905/254/281 964/278/281 967/280/281
f 938/256/282 933/270/282 995/279/282
f 938/256/282 995/279/282 1000/281/282
f 909/255/283 906/254/283 968/280/283
f 909/255/283 968/280/283 971/282/283
f 942/257/284 937/256/284 999/281/284
f 942/257/284 999/281/284 1004/283/284
f 913/258/285 910/255/285 972/282/285
f 913/258/285 972/282/285 975/284/285
f 946/259/286 941/257/286 1003/283/286
f 946/259/286 1003/283/286 1008/285/286
f 917/260/287 914/258/287 976/284/287
f 917/260/287 976/284/287 979/286/287
f 950/261/288 945/259/288 1007/285/288
f 950/261/288 1007/285/288 1012/287/288
f 921/262/289 918/260/289 980/286/289
f 921/262/289 980/286/289 983/271/289
f 955/263/290 949/261/290 1011/287/290
f 955/263/290 1011/287/290 1016/276/290
f 1001/283/291 998/281/291 1060/288/291
f 1001/283/291 1060/288/291 1063/289/291
f 974/284/292 969/282/292 1031/290/292
f 974/284/292 1031/290/292 1036/291/292
f 1005/285/293 1002/283/293 1064/289/293
f 1005/285/293 1064/289/293 1067/292/293
f 978/286/294 973/284/294 1035/291/294
f 978/286/294 1035/291/294 1040/293/294
f 1009/287/295 1006/285/295 1068/292/295
f 1009/287/295 1068/292/295 1071/294/295
f 982/271/296 977/286/296 1039/293/296
f 982/271/296 1039/293/296 1044/295/296
f 1013/276/297 1010/287/297 1072/294/297
f 1013/276/297 1072/294/297 1075/296/297
f 986/272/298 981/271/299 1043/295/298
f 986/272/298 1043/295/298 1048/297/300
f 958/274/301 332/298/301 1020/299/301
f 1264/300/302 1014/276/302 1076/296/302
f 989/277/303 985/272/303 1047/297/303
f 989/277/303 1047/297/303 1051/301/304
f 962/278/305 957/274/305 1018/299/305
f 962/278/305 1018/299/305 1024/302/305
f 993/279/306 990/277/306 1052/301/306
f 993/279/306 1052/301/306 1055/303/306
f 966/280/307 961/278/307 1023/302/307
f 966/280/307 1023/302/307 1028/304/307
f 997/281/308 994/279/308 1056/303/308
f 997/281/308 1056/303/308 1059/288/308
f 970/282/309 965/280/309 1027/304/309
f 970/282/309 1027/304/309 1032/290/309
f 1019/299/310 331/305/310 1080/306/310
f 1263/307/311 1074/296/311 1136/308/311
f 1049/301/312 1045/297/312 1107/309/312
f 1049/301/312 1107/309/312 1111/310/313
f 1022/302/314 1017/299/314 1078/306/314
f 1022/302/314 1078/306/314 1084/311/314
f 1053/303/315 1050/301/315 1112/310/315
f 1053/303/315 1112/310/315 1115/312/315
f 1026/304/316 1021/302/316 1082/311/316
f 1026/304/316 1082/311/316 1088/313/316
f 1057/288/317 1054/303/317 1116/312/317
f 1057/288/317 1116/312/317 1119/314/317
f 1030/290/318 1025/304/318 1087/313/318
f 1030/290/318 1087/313/318 1092/315/318
f 1061/289/319 1058/288/319 1120/314/319
f 1061/289/319 1120/314/319 1123/316/319
f 1034/291/320 1029/290/320 1091/315/320
f 1034/291/320 1091/315/320 1096/317/320
f 1065/292/321 1062/289/321 1124/316/321
f 1065/292/321 1124/316/321 1127/318/321
f 1038/293/322 1033/291/322 1095/317/322
f 1038/293/322 1095/317/322 1100/319/322
f 1069/294/323 1066/292/323 1128/318/323
f 1069/294/323 1128/318/323 1131/320/323
f 1042/295/324 1037/293/324 1099/319/324
f 1042/295/324 1099/319/324 1104/321/324
f 1073/296/325 1070/294/325 1132/320/325
f 1073/296/325 1132/320/325 1134/308/326
f 1046/297/327 1041/295/327 1103/321/327
f 1046/297/327 1103/321/327 1108/309/328
f 1094/317/329 1089/315/329 1151/322/329
f 1094/317/329 1151/322/329 1156/323/329
f 1125/318/330 1122/316/330 1184/324/330
f 1125/318/330 1184/324/330 1187/325/330
f 1098/319/331 1093/317/331 1155/323/331
f 1098/319/331 1155/323/331 1160/326/331
f 1129/320/332 1126/318/333 1188/325/333
f 1129/320/332 1188/325/333 1190/327/332
f 1102/321/334 1097/319/334 1159/326/334
f 1102/321/334 1159/326/334 1164/328/334
f 1133/308/335 1130/320/335 1192/327/335
f 1133/308/335 1192/327/335 1194/329/335
f 1106/309/336 1101/321/336 1163/328/336
f 1106/309/336 1163/328/336 1168/330/336
f 1079/306/337 330/331/337 1140/332/337
f 1262/333/338 1135/308/338 1196/329/338
f 1109/310/339 1105/309/339 1167/330/339
f 1109/310/339 1167/330/339 1171/334/339
f 1083/311/340 1077/306/340 1138/332/340
f 1083/311/340 1138/332/340 1144/335/340
f 1113/312/341 1110/310/341 1172/334/341
f 1113/312/341 1172/334/341 1175/336/341
f 1086/313/342 1081/311/343 1142/335/343
f 1086/313/342 1142/335/343 1148/337/342
f 1117/314/344 1114/312/344 1176/336/344
f 1117/314/344 1176/336/344 1179/338/344
f 1090/315/345 1085/313/345 1147/337/345
f 1090/315/345 1147/337/345 1152/322/345
f 1121/316/346 1118/314/346 1180/338/346
f 1121/316/346 1180/338/346 1183/324/346
f 1169/334/347 1165/330/347 1227/339/347
f 1169/334/347 1227/339/347 1231/340/347
f 1143/335/348 1137/332/348 1198/341/348
f 1143/335/348 1198/341/348 1204/342/348
f 1173/336/349 1170/334/349 1232/340/349
f 1173/336/349 1232/340/349 1235/343/349
f 1146/337/350 1141/335/350 1202/342/350
f 1146/337/350 1202/342/350 1208/344/350
f 1177/338/351 1174/336/351 1236/343/351
f 1177/338/351 1236/343/351 1239/345/351
f 1150/322/352 1145/337/352 1206/344/352
f 1150/322/352 1206/344/352 1212/346/352
f 1181/324/353 1178/338/353 1240/345/353
f 1181/324/353 1240/345/353 1243/347/353
f 1154/323/354 1149/322/354 1211/346/354
f 1154/323/354 1211/346/354 1216/348/354
f 1185/325/355 1182/324/355 1244/347/355
f 1185/325/355 1244/347/355 1246/349/355
f 1158/326/356 1153/323/356 1215/348/356
f 1158/326/356 1215/348/356 1220/350/356
f 1189/327/357 1186/325/357 1248/349/357
f 1189/327/357 1248/349/357 1250/351/357
f 1162/328/358 1157/326/358 1219/350/358
f 1162/328/358 1219/350/358 1224/352/358
f 1193/329/359 1191/327/360 1252/351/360
f 1193/329/359 1252/351/360 1254/353/359
f 1166/330/361 1161/328/361 1223/352/361
f 1166/330/361 1223/352/361 1228/339/361
f 1139/332/362 329/354/362 1200/341/362
f 1261/355/363 1195/329/363 1256/353/363
f 1245/349/364 1242/347/364 1336/356/364
f 1245/349/364 1336/356/364 1338/357/364
f 1218/350/365 1213/348/365 1307/358/365
f 1218/350/365 1307/358/365 1312/359/365
f 1249/351/366 1247/349/366 1340/357/366
f 1249/351/366 1340/357/366 1342/360/366
f 1222/352/367 1217/350/367 1311/359/367
f 1222/352/367 1311/359/367 1316/361/367
f 1253/353/368 1251/351/368 1344/360/368
f 1253/353/368 1344/360/368 1346/362/368
f 1226/339/369 1221/352/369 1315/361/369
f 1226/339/369 1315/361/369 1320/363/369
f 1199/341/370 328/364/370 1292/365/370
f 1260/366/371 1255/353/371 1348/362/371
f 1229/340/372 1225/339/372 1319/363/372
f 1229/340/372 1319/363/372 1323/367/372
f 1203/342/373 1197/341/373 1290/365/373
f 1203/342/373 1290/365/373 1296/368/373
f 1233/343/374 1230/340/374 1324/367/374
f 1233/343/374 1324/367/374 1327/369/374
f 1207/344/375 1201/342/375 1294/368/375
f 1207/344/375 1294/368/375 1300/370/375
f 1237/345/376 1234/343/376 1328/369/376
f 1237/345/376 1328/369/376 1331/371/376
f 1210/346/377 1205/344/377 1298/370/377
f 1210/346/377 1298/370/377 1304/372/377
f 1241/347/378 1238/345/378 1332/371/378
f 1241/347/378 1332/371/378 1334/356/378
f 1214/348/379 1209/346/379 1302/372/379
f 1214/348/379 1302/372/379 1308/358/379
f 1325/369/380 1322/367/380 1384/373/380
f 1325/369/380 1384/373/380 1387/374/380
f 1299/370/381 1293/368/381 1354/375/381
f 1299/370/381 1354/375/381 1360/376/381
f 1329/371/382 1326/369/382 1388/374/382
f 1329/371/382 1388/374/382 1390/377/382
f 1303/372/383 1297/370/383 1358/376/383
f 1303/372/383 1358/376/383 1364/378/383
f 1333/356/384 1330/371/384 1392/377/384
f 1333/356/384 1392/377/384 1394/379/384
f 1306/358/385 1301/372/385 1362/378/385
f 1306/358/385 1362/378/385 1368/380/385
f 1337/357/386 1335/356/386 1396/379/386
f 1337/357/386 1396/379/386 1398/381/386
f 1310/359/387 1305/358/387 1366/380/387
f 1310/359/387 1366/380/387 1372/382/387
f 1341/360/388 1339/357/389 1400/381/388
f 1341/360/388 1400/381/388 1402/383/388
f 1314/361/390 1309/359/390 1371/382/390
f 1314/361/390 1371/382/390 1376/384/390
f 1345/362/391 1343/360/391 1404/383/391
f 1345/362/391 1404/383/391 1406/385/391
f 1318/363/392 1313/361/393 1375/384/392
f 1318/363/392 1375/384/392 1380/386/392
f 1291/365/394 327/387/394 1352/388/394
f 1259/389/395 1347/362/395 1408/385/395
f 1321/367/396 1317/363/396 1379/386/396
f 1321/367/396 1379/386/396 1383/373/397
f 1295/368/398 1289/365/398 1350/388/398
f 1295/368/398 1350/388/398 1356/375/398
f 1401/383/399 1399/381/399 1460/390/399
f 1401/383/399 1460/390/399 1462/391/399
f 1374/384/400 1369/382/400 1430/392/400
f 1374/384/400 1430/392/400 1436/393/400
f 1405/385/401 1403/383/401 1464/391/401
f 1405/385/401 1464/391/401 1466/394/401
f 1378/386/402 1373/384/402 1435/393/402
f 1378/386/402 1435/393/402 1440/395/402
f 1351/388/403 326/396/403 1412/397/403
f 1258/398/404 1407/385/404 1468/394/404
f 1381/373/405 1377/386/405 1439/395/405
f 1381/373/405 1439/395/405 1443/399/405
f 1355/375/406 1349/388/406 1410/397/406
f 1355/375/406 1410/397/406 1416/400/406
f 1385/374/407 1382/373/407 1444/399/407
f 1385/374/407 1444/399/407 1446/401/407
f 1359/376/408 1353/375/408 1414/400/408
f 1359/376/408 1414/400/408 1420/402/408
f 1389/377/409 1386/374/409 1448/401/409
f 1389/377/409 1448/401/409 1450/403/409
f 1363/378/410 1357/376/410 1418/402/410
f 1363/378/410 1418/402/410 1424/404/410
f 1393/379/411 1391/377/411 1452/403/411
f 1393/379/411 1452/403/411 1454/405/411
f 1367/380/412 1361/378/412 1422/404/412
f 1367/380/412 1422/404/412 1428/406/412
f 1397/381/413 1395/379/413 1456/405/413
f 1397/381/413 1456/405/413 1458/390/413
f 1370/382/414 1365/380/414 1426/406/414
f 1370/382/414 1426/406/414 1432/392/414
f 1419/402/415 1413/400/415 1473/407/415
f 1419/402/415 1473/407/415 1478/408/415
f 1449/403/416 1447/401/416 1506/409/416
f 1449/403/416 1506/409/416 1509/410/416
f 1423/404/417 1417/402/417 1477/408/417
f 1423/404/417 1477/408/417 1482/411/417
f 1453/405/418 1451/403/418 1510/410/418
f 1453/405/418 1510/410/418 1513/412/418
f 1427/406/419 1421/404/419 1481/411/419
f 1427/406/419 1481/411/419 1486/413/419
f 1457/390/420 1455/405/420 1514/412/420
f 1457/390/420 1514/412/420 1517/414/420
f 1431/392/421 1425/406/421 1485/413/421
f 1431/392/421 1485/413/421 1490/415/421
f 1461/391/422 1459/390/422 1518/414/422
f 1461/391/422 1518/414/422 1521/416/422
f 1434/393/423 1429/392/423 1489/415/423
f 1434/393/423 1489/415/423 1494/417/423
f 1465/394/424 1463/391/424 1522/416/424
f 1465/394/424 1522/416/424 1525/418/424
f 1438/395/425 1433/393/425 1493/417/425
f 1438/395/425 1493/417/425 1498/419/426
f 1411/397/427 325/420/427 1470/421/427
f 1257/422/428 1467/394/428 1526/418/428
f 1441/399/429 1437/395/430 1497/419/429
f 1441/399/429 1497/419/429 1501/423/431
f 1415/400/432 1409/397/432 1469/421/432
f 1415/400/432 1469/421/432 1474/407/432
f 1445/401/433 1442/399/433 1502/423/433
f 1445/401/433 1502/423/433 1505/409/433
f 1496/424/434 1491/425/434 1549/426/434
f 1496/424/434 1549/426/434 1554/427/434
f 1527/428/435 1524/429/435 1583/430/435
f 1527/428/435 1583/430/435 1585/431/435
f 1500/432/436 1495/424/437 1553/427/436
f 1500/432/436 1553/427/436 1558/433/438
f 1472/434/439 356/435/439 1531/436/439
f 1288/437/440 1528/428/440 1587/431/440
f 1503/438/441 1499/432/442 1557/433/441
f 1503/438/441 1557/433/441 1561/439/441
f 1476/440/443 1471/434/443 1529/436/443
f 1476/440/443 1529/436/443 1535/441/443
f 1507/442/444 1504/438/444 1562/439/444
f 1507/442/444 1562/439/444 1565/443/444
f 1480/444/445 1475/440/445 1533/441/445
f 1480/444/445 1533/441/445 1539/445/445
f 1511/446/446 1508/442/446 1567/443/446
f 1511/446/446 1567/443/446 1569/447/446
f 1484/448/447 1479/444/447 1537/445/447
f 1484/448/447 1537/445/447 1543/449/447
f 1515/450/448 1512/446/448 1571/447/448
f 1515/450/448 1571/447/448 1573/451/448
f 1488/452/449 1483/448/449 1541/449/449
f 1488/452/449 1541/449/449 1547/453/449
f 1519/454/450 1516/450/450 1575/451/450
f 1519/454/450 1575/451/450 1577/455/450
f 1492/425/451 1487/452/451 1545/453/451
f 1492/425/451 1545/453/451 1551/426/451
f 1523/429/452 1520/454/452 1579/455/452
f 1523/429/452 1579/455/452 1581/430/452
f 1570/447/453 1568/443/453 1626/456/453
f 1570/447/453 1626/456/453 1629/457/453
f 1544/449/454 1538/445/454 1597/458/454
f 1544/449/454 1597/458/454 1603/459/454
f 1574/451/455 1572/447/455 1631/457/455
f 1574/451/455 1631/457/455 1633/460/455
f 1548/453/456 1542/449/456 1601/459/456
f 1548/453/456 1601/459/456 1607/461/456
f 1578/455/457 1576/451/457 1635/460/457
f 1578/455/457 1635/460/457 1637/462/457
f 1552/426/458 1546/453/458 1605/461/458
f 1552/426/458 1605/461/458 1610/463/458
f 1582/430/459 1580/455/459 1639/462/459
f 1582/430/459 1639/462/459 1641/464/459
f 1556/427/460 1550/426/460 1609/463/460
f 1556/427/460 1609/463/460 1614/465/460
f 1586/431/461 1584/430/461 1643/464/461
f 1586/431/461 1643/464/461 1645/466/461
f 1560/433/462 1555/427/462 1613/465/462
f 1560/433/462 1613/465/462 1618/467/463
f 1532/436/464 355/468/464 1591/469/464
f 1287/470/465 1588/431/465 1647/466/465
f 1563/439/466 1559/433/466 1617/467/466
f 1563/439/466 1617/467/466 1621/471/467
f 1536/441/468 1530/436/468 1589/469/468
f 1536/441/468 1589/469/468 1595/472/468
f 1566/443/469 1564/439/469 1622/471/469
f 1566/443/469 1622/471/469 1625/456/469
f 1540/445/470 1534/441/470 1593/472/470
f 1540/445/470 1593/472/470 1599/458/470
f 1646/466/471 1644/464/471 1703/473/471
f 1646/466/471 1703/473/471 1705/474/471
f 1620/467/472 1615/465/473 1673/475/472
f 1620/467/472 1673/475/472 1678/476/474
f 1592/469/475 354/477/475 1651/478/475
f 1286/479/476 1648/466/476 1707/474/476
f 1623/471/477 1619/467/478 1677/476/477
f 1623/471/477 1677/476/477 1681/480/477
f 1596/472/479 1590/469/479 1649/478/479
f 1596/472/479 1649/478/479 1655/481/479
f 1627/456/480 1624/471/480 1682/480/480
f 1627/456/480 1682/480/480 1685/482/480
f 1600/458/481 1594/472/481 1653/481/481
f 1600/458/481 1653/481/481 1659/483/482
f 1630/457/483 1628/456/483 1686/482/483
f 1630/457/483 1686/482/483 1689/484/483
f 1604/459/484 1598/458/484 1657/483/484
f 1604/459/484 1657/483/484 1663/485/484
f 1634/460/485 1632/457/485 1690/484/485
f 1634/460/485 1690/484/485 1693/486/485
f 1608/461/486 1602/459/486 1661/485/486
f 1608/461/486 1661/485/486 1666/487/486
f 1638/462/487 1636/460/487 1695/486/487
f 1638/462/487 1695/486/487 1697/488/487
f 1612/463/488 1606/461/488 1665/487/488
f 1612/463/488 1665/487/488 1670/489/488
f 1642/464/489 1640/462/489 1699/488/489
f 1642/464/489 1699/488/489 1701/473/489
f 1616/465/490 1611/463/490 1669/489/490
f 1616/465/490 1669/489/490 1674/475/490
f 1664/485/491 1658/483/491 1717/490/491
f 1664/485/491 1717/490/491 1722/491/491
f 1694/486/492 1692/484/492 1750/492/492
f 1694/486/492 1750/492/492 1753/493/492
f 1668/487/493 1662/485/493 1721/491/493
f 1668/487/493 1721/491/493 1726/494/493
f 1698/488/494 1696/486/494 1754/493/494
f 1698/488/494 1754/493/494 1757/495/494
f 1672/489/495 1667/487/495 1725/494/495
f 1672/489/495 1725/494/495 1730/496/495
f 1702/473/496 1700/488/496 1759/495/496
f 1702/473/496 1759/495/496 1761/497/496
f 1676/475/497 1671/489/497 1729/496/497
f 1676/475/497 1729/496/497 1734/498/497
f 1706/474/498 1704/473/498 1763/497/498
f 1706/474/498 1763/497/498 1765/499/498
f 1680/476/499 1675/475/499 1733/498/499
f 1680/476/499 1733/498/499 1738/500/499
f 1652/478/500 353/501/500 1711/502/500
f 1285/503/501 1708/474/501 1767/499/501
f 1683/480/502 1679/476/502 1737/500/502
f 1683/480/502 1737/500/502 1741/504/502
f 1656/481/503 1650/478/504 1709/502/504
f 1656/481/503 1709/502/504 1715/505/503
f 1687/482/505 1684/480/505 1742/504/505
f 1687/482/505 1742/504/505 1745/506/505
f 1660/483/506 1654/481/506 1713/505/506
f 1660/483/506 1713/505/506 1719/490/506
f 1691/484/507 1688/482/507 1746/506/507
f 1691/484/507 1746/506/507 1749/492/507
f 1740/500/508 1735/498/508 1793/507/508
f 1740/500/508 1793/507/508 1798/508/508
f 1712/502/509 352/509/509 1771/510/509
f 1284/511/510 1768/499/510 1827/512/510
f 1743/504/511 1739/500/511 1797/508/511
f 1743/504/511 1797/508/511 1801/513/511
f 1716/505/512 1710/502/512 1769/510/512
f 1716/505/512 1769/510/512 1775/514/512
f 1747/506/513 1744/504/513 1802/513/513
f 1747/506/513 1802/513/513 1805/515/513
f 1720/490/514 1714/505/514 1773/514/514
f 1720/490/514 1773/514/514 1778/516/514
f 1751/492/515 1748/506/515 1806/515/515
f 1751/492/515 1806/515/515 1809/517/515
f 1724/491/516 1718/490/516 1777/516/516
f 1724/491/516 1777/516/516 1782/518/516
f 1755/493/517 1752/492/517 1810/517/517
f 1755/493/517 1810/517/517 1813/519/517
f 1728/494/518 1723/491/518 1781/518/518
f 1728/494/518 1781/518/518 1786/520/518
f 1758/495/519 1756/493/519 1814/519/519
f 1758/495/519 1814/519/519 1817/521/519
f 1732/496/520 1727/494/520 1785/520/520
f 1732/496/520 1785/520/520 1790/522/520
f 1762/497/521 1760/495/521 1818/521/521
f 1762/497/521 1818/521/521 1821/523/521
f 1736/498/522 1731/496/522 1789/522/522
f 1736/498/522 1789/522/522 1794/507/522
f 1766/499/523 1764/497/523 1823/523/523
f 1766/499/523 1823/523/523 1825/512/523
f 1815/519/524 1812/517/524 1870/524/524
f 1815/519/524 1870/524/524 1873/525/524
f 1788/520/525 1783/518/525 1841/526/525
f 1788/520/525 1841/526/525 1846/527/525
f 1819/521/526 1816/519/526 1874/525/526
f 1819/521/526 1874/525/526 1877/528/526
f 1792/522/527 1787/520/527 1845/527/527
f 1792/522/527 1845/527/527 1850/529/527
f 1822/523/528 1820/521/528 1878/528/528
f 1822/523/528 1878/528/528 1881/530/528
f 1796/507/529 1791/522/529 1849/529/529
f 1796/507/529 1849/529/529 1854/531/529
f 1826/512/530 1824/523/530 1882/530/530
f 1826/512/530 1882/530/530 1885/532/530
f 1800/508/531 1795/507/531 1853/531/531
f 1800/508/531 1853/531/531 1858/533/531
f 1772/510/532 351/534/532 1831/535/532
f 1283/536/533 1828/512/533 1887/532/533
f 1803/513/534 1799/508/534 1857/533/534
f 1803/513/534 1857/533/534 1861/537/534
f 1776/514/535 1770/510/535 1829/535/535
f 1776/514/535 1829/535/535 1835/538/535
f 1807/515/536 1804/513/536 1862/537/536
f 1807/515/536 1862/537/536 1865/539/536
f 1780/516/537 1774/514/537 1833/538/537
f 1780/516/537 1833/538/537 1838/540/537
f 1811/517/538 1808/515/538 1866/539/538
f 1811/517/538 1866/539/538 1869/524/538
f 1784/518/539 1779/516/539 1837/540/539
f 1784/518/539 1837/540/539 1842/526/539
f 1282/541/540 1888/532/540 1946/542/540
f 1863/537/541 1859/533/541 1917/543/541
f 1863/537/541 1917/543/541 1921/544/541
f 1836/538/542 1830/535/543 1889/545/542
f 1836/538/542 1889/545/542 1894/546/542
f 1867/539/544 1864/537/544 1922/544/544
f 1867/539/544 1922/544/544 1925/547/544
f 1840/540/545 1834/538/545 1893/546/545
f 1840/540/545 1893/546/545 1898/548/545
f 1871/524/546 1868/539/546 1926/547/546
f 1871/524/546 1926/547/546 1929/549/546
f 1844/526/547 1839/540/547 1897/548/547
f 1844/526/547 1897/548/547 1902/550/547
f 1875/525/548 1872/524/548 1930/549/548
f 1875/525/548 1930/549/548 1933/551/548
f 1848/527/549 1843/526/549 1901/550/549
f 1848/527/549 1901/550/549 1906/552/549
f 1879/528/550 1876/525/550 1934/551/550
f 1879/528/550 1934/551/550 1937/553/550
f 1852/529/551 1847/527/551 1905/552/551
f 1852/529/551 1905/552/551 1910/554/551
f 1883/530/552 1880/528/552 1938/553/552
f 1883/530/552 1938/553/552 1941/555/552
f 1856/531/553 1851/529/553 1909/554/553
f 1856/531/553 1909/554/553 1914/556/553
f 1886/532/554 1884/530/554 1942/555/554
f 1886/532/554 1942/555/554 1945/542/554
f 1860/533/555 1855/531/555 1913/556/555
f 1860/533/555 1913/556/555 1918/543/555
f 1832/535/556 350/557/556 1891/545/556
f 1939/553/557 1936/551/557 1970/6/557
f 1939/553/557 1970/6/557 1973/5/557
f 1912/554/558 1907/552/558 5/1/558
f 1912/554/558 5/1/558 1962/9/558
f 1943/555/559 1940/553/559 1974/5/559
f 1943/555/559 1974/5/559 1977/11/559
f 1916/556/560 1911/554/560 1961/9/560
f 1916/556/560 1961/9/560 10/13/560
f 1947/542/561 1944/555/561 1978/11/561
f 1947/542/561 1978/11/561 1981/15/561
f 1920/543/562 1915/556/562 9/13/562
f 1920/543/562 9/13/562 14/17/563
f 1892/545/564 349/558/564 1950/19/564
f 1281/559/565 1948/542/565 1982/15/565
f 1923/544/566 1919/543/566 13/17/566
f 1923/544/566 13/17/566 17/23/567
f 1896/546/568 1890/545/568 1949/19/568
f 1896/546/568 1949/19/568 1954/25/568
f 1927/547/569 1924/544/569 18/23/569
f 1927/547/569 18/23/569 1965/27/569
f 1900/548/570 1895/546/570 1953/25/570
f 1900/548/570 1953/25/570 2/29/570
f 1931/549/571 1928/547/571 1966/27/571
f 1931/549/571 1966/27/571 21/31/571
f 1904/550/572 1899/548/572 1/29/572
f 1904/550/572 1/29/572 1958/2/572
f 1935/551/573 1932/549/573 22/31/573
f 1935/551/573 22/31/573 1969/6/573
f 1908/552/574 1903/550/574 1957/2/574
f 1908/552/574 1957/2/574 6/1/574
